variance,xmean,mean3839,mean3940,mean4041,mean4142,max,min,range,stdev,dcirohm,dcir_soc00ohm,dcir_soc10ohm,dcir_soc20ohm,dcir_soc30ohm,dcir_soc40ohm,dcir_soc50ohm,dcir_soc60ohm,dcir_soc70ohm,dcir_soc80ohm,deltat023840,deltat103840,ctr,ccct,cvct,soh_label_pct
0.007518709,0.2944050663148718,0.2385396726525408,0.2870851067043604,0.2475144750536742,0.4098933085804826,0.4632389533542547,0.2307976427169995,0.2324413106372551,0.075456693,0.0228888888888888,0.09,0.0299999999999995,0.0249999999999992,0.023333333,0.0233333333333336,0.0250000000000001,0.0249999999999992,0.021666667,0.023333333333334,4140.0,793.3333333333335,0.1916264090177134,3140,443.0500000000002,100.0
0.008914453,0.2981183074026541,0.2537069189970576,0.2887567409193244,0.2394412566116887,0.4160737937854986,0.4712643683652331,0.2230544632287032,0.2482099051365298,0.077009503,0.024111111,0.09,0.0299999999999995,0.026666667,0.0250000000000001,0.0250000000000001,0.026666667,0.0250000000000001,0.023333333,0.023333333333334,4050.0,786.6666666666672,0.1942386831275721,2870,455.0500000000002,93.10801855533468
0.009735855,0.3023097750489562,0.2585390226487607,0.2958997342886638,0.2448346432930012,0.4152683707017176,0.4720163838028086,0.2273067326236786,0.24470965117913,0.075181939,0.0251111111111111,0.091666667,0.0316666666666668,0.026666667,0.026666667,0.026666667,0.028333333333333,0.026666667,0.0249999999999992,0.0249999999999992,4020.0,770.0,0.1915422885572139,2720,458.1500000000001,89.46322067594434
0.0100224061241978,0.3023303228684084,0.2595836714760728,0.2970445092876966,0.2452748071729885,0.4126066299005401,0.4698785581828439,0.2276268418013733,0.2422517163814705,0.074204188,0.0261111111111111,0.093333333,0.033333333,0.028333333333333,0.026666667,0.0299999999999995,0.0299999999999995,0.026666667,0.026666667,0.0249999999999992,4000.0,764.9999999999989,0.1912499999999997,2650,460.6500000000001,87.77335984095429
0.010921385644393,0.311752503,0.2676939755424634,0.3085448179053451,0.2563738836039677,0.4194894816770439,0.4785244749374873,0.2379972851644527,0.2405271897730345,0.073367385,0.0268888888888889,0.093333333,0.033333333,0.028333333333333,0.026666667,0.0299999999999995,0.0299999999999995,0.026666667,0.028333333,0.0283333333333339,4000.0,754.9999999999989,0.1887499999999997,2570,475.6999999999998,86.24917164
0.0117330710289967,0.320389755,0.2743656342594746,0.3190138977272156,0.2678869185598617,0.4252705107175828,0.4839833156786435,0.2486296819828595,0.235353634,0.072121562,0.0275555555555556,0.095,0.033333333,0.028333333333333,0.028333333333333,0.0316666666666668,0.031666667,0.028333333333333,0.0283333333333339,0.03,3990.0,743.3333333333344,0.1862990810359234,2510,482.9499999999998,85.08946322067595
0.0136260913247239,0.3376034887534098,0.2860718747737437,0.3385870051673134,0.2942984033794681,0.4361616247952732,0.4969137184803696,0.27329341,0.2236203080278476,0.069756817,0.0293107800110366,0.099833333,0.033333333,0.031333333,0.031,0.0329999999999998,0.034166667,0.0305,0.029833333,0.033333333,3970.952380952383,723.1666666666661,0.1821141623695884,2370,487.0500000000002,82.20675944333996
0.0161193864033449,0.3579446363061533,0.2991211177428738,0.3594391020328141,0.3248173128942509,0.4529425121886838,0.5173298445234684,0.2921863615283726,0.2251434829950958,0.069066411,0.0310774266783699,0.104666666666666,0.034833333,0.033333333,0.033166667,0.035333333,0.036333333,0.032833333,0.031833333,0.0365,3957.142857142858,702.9333333333351,0.1776365824308066,2240,490.5,79.77137176938372
0.007094631,0.286677755,0.2314969675825207,0.2791740092831261,0.23890509,0.4025640159652965,0.4570791176269164,0.2195983800332002,0.2374807375937162,0.075812336,0.0226666666666666,0.09,0.0316666666666668,0.0250000000000001,0.0233333333333336,0.0250000000000001,0.026666667,0.026666667,0.021666667,0.023333333333334,4180.0,808.3333333333335,0.1933811802232855,3180,438.0999999999999,100.0
0.008566329,0.2921403730308043,0.2485052329865648,0.2822216538919959,0.2328400205827895,0.4105133112541848,0.4679760311620864,0.2176543200005198,0.2503217111615665,0.077635269,0.0244444444444444,0.09,0.0300000000000003,0.026666667,0.0249999999999992,0.026666667,0.026666667,0.0249999999999992,0.0249999999999992,0.023333333,4070.0,798.3333333333335,0.1961506961506962,2910,450.5,93.26101249178174
0.009600061,0.3011281836435026,0.2583822900179812,0.2946441362878162,0.2434118795401581,0.4133406903903364,0.472296174,0.2260024742158508,0.2462937001857121,0.075448945,0.0257777777777778,0.091666667,0.0316666666666668,0.028333333333333,0.026666667,0.028333333333333,0.0300000000000003,0.0250000000000001,0.026666667,0.0249999999999992,4050.0,780.0,0.1925925925925926,2740,466.9499999999998,89.51347797501644
0.0101906815462058,0.3060401191600542,0.2628421657487241,0.3017277472483901,0.2502187726562338,0.4144844699293135,0.4750683176249146,0.2315701204162465,0.243498197208668,0.074130934,0.0267777777777778,0.093333333,0.033333333,0.0283333333333339,0.0283333333333339,0.028333333333333,0.0299999999999995,0.026666667,0.026666667,0.026666667,4030.0,764.9999999999989,0.1898263027295282,2660,476.5999999999999,87.77120315581854
0.0107338692350956,0.3103530747628901,0.2664776779225423,0.3081961754193165,0.256557425,0.4151454568888851,0.4768480403844206,0.236769768295598,0.2400782720888226,0.072616488,0.0275555555555556,0.095,0.033333333,0.0299999999999995,0.028333333333333,0.0300000000000003,0.031666667,0.028333333333333,0.028333333,0.0283333333333339,4010.0,756.6666666666672,0.1886949293433085,2590,476.4000000000001,86.16042077580539
0.0114881302326461,0.3188216498283146,0.27320675022102,0.3191078986162237,0.2683338455557387,0.419432506,0.4797828364324989,0.248071531254022,0.2317113051784769,0.070619985,0.028444444,0.096666667,0.035,0.0316666666666668,0.028333333333333,0.031666667,0.0316666666666668,0.0300000000000003,0.03,0.03,4010.0,746.6666666666672,0.1862011637572736,2530,477.3499999999999,84.87836949375411
0.0133348443545929,0.3369464243436041,0.2863552923093542,0.3400207495480255,0.2956249723321842,0.4302650251919704,0.4938579752810108,0.273038961206246,0.2208190140747647,0.068067466,0.0304431082591994,0.1013333333333331,0.035166667,0.032833333,0.032,0.0339999999999998,0.035166667,0.03166139,0.0311666666666669,0.034166667,3996.190476190476,726.8000000000002,0.1818732125834128,2390,494.0500000000002,82.27481919789614
0.0164894541053369,0.3641516423817326,0.3047170709939252,0.3675678662962335,0.335310520040871,0.45329678848554,0.5214665481182339,0.2998872461693265,0.2215793019489074,0.067461831,0.0325430142423074,0.1066488918513583,0.037,0.035,0.0348275287452087,0.037166667,0.038166667,0.0341666666666651,0.0336666666666668,0.038333333,3989.642857142856,705.5555556,0.1768467957707955,2250,498.1999999999998,79.75345168
0.00707944,0.2909503145261985,0.2390527410159343,0.2848991813716903,0.24334757781066,0.4017036909110937,0.4549881018664314,0.2277852953040615,0.2272028065623699,0.072846601,0.0234444444444444,0.088333333,0.0316666666666668,0.026666667,0.0250000000000001,0.0250000000000001,0.0250000000000001,0.026666667,0.0233333333333336,0.023333333333334,4170.0,810.0,0.1942446043165467,3180,430.1999999999998,100.0
0.008459223,0.290786109,0.247583478705739,0.2804258754473539,0.2327897796068505,0.4077937587615681,0.4629748060910108,0.2173762434180655,0.2455985626729453,0.076197122,0.0242222222222222,0.09,0.0299999999999995,0.026666667,0.0249999999999992,0.0249999999999992,0.026666667,0.0250000000000001,0.0249999999999992,0.023333333,4050.0,794.9999999999991,0.196296296296296,2920,431.5500000000002,93.1818181818182
0.00981302,0.3042459692533844,0.2621844924896839,0.2973491157260541,0.2466229260654158,0.4160702007372417,0.4745995070280022,0.2289980999432701,0.2456014070847321,0.074848784,0.0253333333333333,0.091666667,0.0316666666666668,0.026666667,0.0250000000000001,0.026666667,0.0300000000000003,0.0249999999999992,0.026666667,0.0249999999999992,4030.0,776.6666666666672,0.1927212572373864,2740,470.4000000000001,89.65744401
0.0100716595141645,0.3043148177958448,0.2639494419372634,0.2993367523322092,0.246493567120716,0.4125755185747625,0.4713663264189383,0.2280020023203011,0.2433643240986371,0.073600501,0.0261111111111111,0.091666667,0.033333333,0.026666667,0.026666667,0.028333333333333,0.0300000000000003,0.026666667,0.026666667,0.025,4010.0,770.0,0.1920199501246882,2680,468.25,88.01054018445323
0.0109011460422129,0.3128129093272899,0.2720842301292401,0.3100648260814833,0.2561025416587409,0.4179750449047429,0.4773693447740896,0.2362989942118725,0.2410703505622171,0.072706373,0.0268888888888889,0.095,0.033333333,0.028333333333333,0.0283333333333339,0.0300000000000003,0.0300000000000003,0.026666667,0.026666667,0.028333333,4000.0,763.3333333333344,0.1908333333333336,2600,485.6500000000001,86.56126482213439
0.011484056,0.3186593235862203,0.2770363243610633,0.3175792107821719,0.2638889579143997,0.420992973762247,0.4812566423186566,0.2429972424337538,0.2382593998849027,0.071302848,0.0278888888888889,0.096666667,0.033333333,0.0299999999999995,0.0283333333333339,0.031666667,0.0316666666666668,0.0283333333333339,0.028333333,0.0283333333333339,4000.0,753.3333333333344,0.1883333333333336,2550,485.6999999999998,85.47430830039526
0.01292034,0.3329339087700956,0.2891507013977643,0.3349074626349904,0.2838929386760861,0.4283517329749256,0.4906937914947118,0.2612219940604621,0.2294717974342497,0.068848229,0.0293882467094786,0.0985,0.0336666666666668,0.030994834,0.030333333,0.0325000000000003,0.033327779,0.030333333333333,0.0304949175137476,0.032833333,3980.0000000000064,738.3724138,0.1855207069831916,2440,505.9499999999998,83.44861660079052
0.0141687554306907,0.3427795683827024,0.2974140385250117,0.3476367644286694,0.2957874771548026,0.4347157296248818,0.4996290196075654,0.2735870643009388,0.2260419553066266,0.068018521,0.0305545485743299,0.1013333333333331,0.034166667,0.0325,0.032166667,0.0339999999999998,0.035166667,0.031828029,0.0316666666666668,0.035666667,3975.5,728.1964573268936,0.1831710369329376,2360,506.6999999999998,81.83135704874836
0.006867858,0.2841039391025992,0.2337814388016631,0.2763297369974215,0.2338134677965673,0.3978132939740377,0.4530788736316014,0.2194460406587186,0.2336328329728827,0.07430237,0.0231111111111111,0.088333333,0.0300000000000003,0.0250000000000001,0.0250000000000001,0.023333333,0.026666667,0.026666667,0.0216666666666663,0.023333333333334,4150.0,810.0,0.1951807228915662,3180,426.9000000000001,100.0
0.008575656,0.2911668419228376,0.2485034851989259,0.2807929351283726,0.2311355831146595,0.4097591165307893,0.4670426002515953,0.2155042669957185,0.2515383332558767,0.077313729,0.0238888888888888,0.088333333,0.0300000000000003,0.026666667,0.0250000000000001,0.026666667,0.026666667,0.0250000000000001,0.0250000000000001,0.023333333333334,4050.0,790.0,0.1950617283950617,2900,445.1500000000001,93.00560871
0.009841594,0.3024372578636937,0.2611362173975218,0.2948612994636014,0.2428073107342973,0.4162748516791361,0.4746638628531077,0.2255332845069397,0.2491305783461679,0.076020241,0.0252222222222222,0.09,0.0316666666666668,0.026666667,0.0250000000000001,0.026666667,0.028333333333333,0.026666667,0.026666667,0.025,4010.0,776.6666666666672,0.1936824605153783,2740,466.1999999999998,89.47542065324976
0.009950386,0.2991536706766626,0.2590078498218059,0.2930094545854854,0.2394347598866903,0.4103862630983298,0.4697317225682509,0.2210544464391475,0.2486772761291034,0.075074384,0.0257777777777778,0.09,0.031666667,0.026666667,0.026666667,0.0299999999999995,0.0300000000000003,0.026666667,0.026666667,0.026666667,4000.0,771.6666666666661,0.1929166666666665,2680,467.1999999999998,87.85879248
0.0104871636008615,0.3030526816814665,0.2620105935648545,0.2988887539462238,0.2444354528716754,0.4120150394795038,0.4723013114875636,0.2247858423960111,0.2475154690915524,0.074382197,0.0268888888888889,0.093333333,0.0316666666666668,0.0283333333333339,0.028333333333333,0.0299999999999995,0.0299999999999995,0.026666667,0.0283333333333339,0.026666667,3990.0,763.3333333333333,0.1913116123642439,2610,477.1500000000001,86.44011877268228
0.0115038389442569,0.3157630917011455,0.2725256109708971,0.3135998102152334,0.2597401187205085,0.4222309726392089,0.4809819699592057,0.2400626149142777,0.240919355,0.073219542,0.0276666666666667,0.095,0.033333333,0.0300000000000003,0.0299999999999995,0.0316666666666668,0.031666667,0.028333333333333,0.0283333333333339,0.0283333333333339,3990.0,753.3333333333344,0.1888053467000838,2550,487.5,85.38436159683272
0.0121895390602941,0.3212318579483112,0.2769177833313461,0.3217576467088223,0.2689642952206508,0.4220970713211377,0.4827431683695724,0.2478928309379737,0.2348503374315986,0.071243286,0.0287561830047929,0.097166667,0.032666667,0.0308333333333334,0.030166667,0.0321666666666664,0.033166667,0.0295,0.0291666666666669,0.0311666666666669,3972.499999999998,739.2857142857135,0.1861008720668883,2470,487.9000000000001,83.51369185
0.0132013352040162,0.3307815642832339,0.2845503466979754,0.3306314726250826,0.2827802381690786,0.4298814552629505,0.4927484830197859,0.2607681305199041,0.2319803524998818,0.070524063,0.0297111111111111,0.099,0.0329999999999998,0.0316613897683721,0.0311666666666664,0.033333333,0.034166667,0.0305,0.029833333,0.032666667,3965.7500000000073,732.0689655172424,0.1845978605603583,2400,501.8499999999999,82.32596502804354
0.006990225,0.2878926527812548,0.235955265682218,0.2825522648561114,0.2396300256447502,0.3986433202009095,0.4546490127332112,0.2230850699362045,0.2315639427970066,0.073384987,0.0233333333333333,0.088333333,0.0316666666666668,0.0250000000000001,0.0250000000000001,0.0233333333333336,0.026666667,0.0250000000000001,0.0233333333333336,0.023333333333334,4180.0,811.6666666666663,0.1941786283891546,3190,423.8000000000002,100.0
0.008910091,0.2965004770988279,0.2512395660377727,0.2876490168442703,0.2398618721773342,0.4126783588946076,0.4699065703418474,0.2242591563705369,0.2456474139713105,0.076382847,0.024111111,0.088333333,0.0316666666666668,0.026666667,0.0250000000000001,0.0250000000000001,0.026666667,0.0250000000000001,0.023333333,0.023333333333334,4070.0,790.0,0.1941031941031941,2880,454.8000000000002,92.83130549
0.010456645,0.3104536939889539,0.2648357427883792,0.3045874123923968,0.2542650059909603,0.4234369323038786,0.4844206198819392,0.236240854,0.2481797662692682,0.076088642,0.025,0.091666667,0.031666667,0.026666667,0.0250000000000001,0.026666667,0.0283333333333339,0.026666667,0.025,0.025,4050.0,771.6666666666661,0.1905349794238681,2710,481.4000000000001,89.21407431765867
0.0109797598645843,0.3082268489931516,0.2634335695853034,0.3043724822719574,0.2519854148433864,0.4183122037018848,0.4803591207628823,0.2337843546153779,0.2465747661475044,0.074968107,0.0265555555555555,0.095,0.031666667,0.0283333333333339,0.028333333333333,0.0299999999999995,0.0300000000000003,0.026666667,0.026666667,0.026666667,4020.0,764.9999999999989,0.1902985074626862,2600,470.3499999999999,86.12298585991451
0.014767357,0.3462430105087594,0.2905916655934996,0.3451360453402325,0.3033455704682728,0.4508677110746394,0.5155023772296392,0.2818563324645926,0.2336460447650465,0.073246625,0.0285555555555555,0.098333333,0.0316666666666668,0.0299999999999995,0.0316666666666668,0.031666667,0.033333333,0.0283333333333339,0.0283333333333339,0.03,4010.0,730.0,0.1820448877805486,2380,503.5999999999999,82.37421900690562
0.0158468144302018,0.3503821649802934,0.2895879588138068,0.3502506167759134,0.3156239728879625,0.4508486644140957,0.5193623780238872,0.283823816250346,0.2355385617735411,0.072350009,0.0305225614927904,0.1038160306615565,0.033833333,0.0325,0.0328278620229966,0.035,0.035666667,0.0320000000000007,0.0305,0.035,3983.3333333333294,709.1142857142858,0.178020322773461,2260,497.8499999999999,79.62841170667544
0.007107752,0.2836039592025504,0.2292932229690854,0.2756014808362743,0.2355451271061214,0.3993945772539505,0.4548228293578398,0.2154938245041819,0.2393290048536578,0.075735777,0.022888889,0.09,0.0300000000000003,0.0250000000000001,0.0233333333333336,0.0250000000000001,0.026666667,0.0249999999999992,0.023333333,0.023333333333334,4120.0,803.3333333333335,0.1949838187702265,3160,425.5,100.0
0.009142257,0.2961526158805642,0.2523595535475427,0.2873775228390617,0.2382406268047789,0.4120470788903699,0.4710575994956842,0.2226098164178234,0.2484477830778608,0.076646286,0.024,0.088333333,0.0300000000000003,0.0250000000000001,0.0249999999999992,0.026666667,0.028333333333333,0.0233333333333336,0.0250000000000001,0.0216666666666663,4050.0,790.0000000000002,0.1950617283950617,2830,462.4000000000001,92.50414593698176
0.0106247061875038,0.3087324988158976,0.2628006005351578,0.3018333444606597,0.253079006,0.4225550325494703,0.4842847504380212,0.2358762565124883,0.2484084939255328,0.076532006,0.0248888888888889,0.091666667,0.0300000000000003,0.026666667,0.0250000000000001,0.028333333333333,0.0299999999999995,0.0250000000000001,0.0249999999999992,0.025,4010.0,768.3333333333333,0.1916043225270157,2670,479.8000000000002,88.95522388059702
0.0114337358766984,0.3128116631473223,0.2665044760052688,0.309205252,0.2585865357833031,0.4221122448170533,0.4840533362024173,0.2399297995670062,0.2441235366354111,0.074673766,0.0262222222222222,0.091666667,0.0300000000000003,0.026666667,0.026666667,0.0299999999999995,0.0299999999999995,0.026666667,0.026666667,0.026666667,3990.0,753.3333333333344,0.1888053467000838,2550,481.4499999999998,86.03648424543945
0.0129097601175945,0.3254765631118216,0.2751933955541207,0.3243368401955731,0.2760628034227957,0.4313407992464925,0.4948579666768722,0.2559996714539267,0.2388582952229454,0.073519984,0.027444444,0.096666667,0.0300000000000003,0.028333333333333,0.0300000000000003,0.0316666666666668,0.0316666666666668,0.028333333333333,0.026666667,0.0283333333333339,3980.0,733.3333333333328,0.184254606,2430,487.8000000000002,83.44941956882255
0.013742063,0.3314562831781871,0.278158480170654,0.3315556123136978,0.2873858193175124,0.4335899094117126,0.4989805802691882,0.267360613404014,0.2316199668651741,0.072194959,0.0286558855873954,0.0995,0.031333333,0.030333333333333,0.030333333333333,0.0326666666666668,0.0336666666666668,0.0295000000000008,0.0283333333333339,0.031833333,3966.249999999999,723.3333333333343,0.1823720979094445,2350,489.9000000000001,81.76451077943614
0.0166844315827701,0.3596277803173328,0.2983117362539272,0.3602680578768357,0.3257472102569635,0.4589199371793119,0.5283290855875864,0.2924195728920887,0.2359095126954976,0.072063598,0.0295996711220737,0.1025,0.032833333,0.031833333,0.031833333,0.033994334,0.035166667,0.030828195300782,0.029833333,0.0340000000000006,3953.499999999998,701.4854111405829,0.1774340233060789,2230,502.1500000000001,79.95688226
0.007168051,0.2898664877927474,0.2363239070001324,0.2833887553866184,0.2428249212658375,0.4022004898496074,0.4565356309338053,0.2218659727372691,0.2346696581965361,0.074041249,0.0235555555555555,0.09,0.0316666666666668,0.0250000000000001,0.0233333333333336,0.0250000000000001,0.026666667,0.026666667,0.0233333333333336,0.023333333333334,4160.0,806.6666666666656,0.1939102564102561,3180,432.4000000000001,100.0
0.00893088,0.2952592539212678,0.2500679203252247,0.2860689171974891,0.2377650806716926,0.4126140104600875,0.4719477357158812,0.2219980836881481,0.2499496520277331,0.077338539,0.0244444444444444,0.09,0.0316666666666668,0.026666667,0.023333333,0.026666667,0.026666667,0.0250000000000001,0.0250000000000001,0.023333333333334,4070.0,791.6666666666663,0.1945126945126944,2870,456.1500000000001,92.65964450296248
0.0103857635845088,0.3084050723035419,0.2622223005971864,0.3031380878139107,0.2533377722246711,0.420182144,0.4823269665788947,0.2350541972514142,0.2472727693274805,0.07586627,0.0257777777777778,0.093333333,0.0316666666666668,0.026666667,0.026666667,0.028333333333333,0.0299999999999995,0.026666667,0.026666667,0.0249999999999992,4040.0,770.0,0.1905940594059406,2690,479.5999999999999,88.84134298880842
0.0119600812586302,0.3222770136247792,0.2733243568052661,0.321115116909438,0.2714762203551977,0.4282236040604951,0.4926641190159446,0.2510712468214935,0.2415928721944511,0.073789513,0.0271111111111111,0.095,0.031666667,0.028333333333333,0.0283333333333339,0.0299999999999995,0.0316666666666668,0.028333333333333,0.0283333333333339,0.028333333,4020.0,750.0,0.1865671641791045,2540,492.6500000000001,85.64845292955891
0.0126234748939609,0.3266802336031109,0.2754558036919421,0.3264808955361631,0.2794210911961564,0.4302947977815988,0.4963165188837142,0.2577305630942819,0.2385859557894323,0.072867184,0.0281111111111111,0.096666667,0.0316666666666668,0.0299999999999995,0.028333333333333,0.0316666666666668,0.0333333333333325,0.0299999999999995,0.0283333333333339,0.03,4010.0,740.0,0.1845386533665835,2470,492.6500000000001,84.03554970375248
0.0151601336219236,0.3498463560966866,0.2890516878834137,0.3512269965795027,0.3126458066996892,0.4513089200865489,0.5194968620869329,0.2816136513440044,0.2378832107429285,0.072978328,0.0295555555555555,0.1016666666666665,0.033333333,0.031666667,0.0299999999999995,0.035,0.0333333333333325,0.0300000000000003,0.03,0.033333333,4000.0,711.6666666666661,0.1779166666666665,2340,504.3000000000002,81.73140223831469
0.007698793,0.2955534661426316,0.2390291825221139,0.2884354322788959,0.2489634214233815,0.4112084710330139,0.4668070820590713,0.2256023150936899,0.2412047669653814,0.076237887,0.024,0.09,0.031666667,0.0250000000000001,0.0250000000000001,0.0250000000000001,0.026666667,0.0250000000000001,0.0233333333333336,0.023333333,4140.0,796.6666666666672,0.1924315619967795,3130,452.6500000000001,100.0
0.009168686,0.295823185032234,0.2518246972537263,0.2878543232436975,0.2387679015057292,0.4101973390081039,0.4684591811401684,0.2230714118475343,0.245387769292634,0.075836708,0.024555556,0.09,0.0300000000000003,0.026666667,0.0250000000000001,0.026666667,0.028333333333333,0.0249999999999992,0.0249999999999992,0.023333333333334,4040.0,790.0,0.1955445544554455,2830,453.9000000000001,92.23880597014926
0.0105830456100313,0.3071355731089751,0.2623898967154935,0.3010898266438001,0.2519074950697745,0.4183804772209107,0.4785648881639548,0.2340041885492287,0.244560699614726,0.075193198,0.0256666666666667,0.091666667,0.0300000000000003,0.028333333333333,0.0249999999999992,0.028333333333333,0.0300000000000003,0.0250000000000001,0.026666667,0.025,4030.0,770.0,0.1910669975186104,2660,477.75,88.62354892205639
0.0115030228821219,0.3124967755234648,0.2681716022337473,0.3093215750153669,0.2584642412920741,0.4190666389477798,0.4800832728237227,0.2396499077836185,0.2404333650401042,0.073170083,0.0267777777777778,0.095,0.028333333333333,0.028333333333333,0.026666667,0.0300000000000003,0.0299999999999995,0.026666667,0.026666667,0.0283333333333339,4010.0,758.3333333333333,0.1891105569409808,2540,481.8000000000002,85.70480928689884
0.0136686028586433,0.3319897811333595,0.2802998516987338,0.331164277,0.2864807747771082,0.4349051242730515,0.4978907880503835,0.2668626071847109,0.2310281808656726,0.0719685,0.0282222222222221,0.098333333,0.0300000000000003,0.0300000000000003,0.0300000000000003,0.0316666666666668,0.033333333,0.0300000000000003,0.0283333333333339,0.03,3990.0,736.6666666666672,0.1846282372598163,2380,489.8499999999999,82.48756218905473
0.0152544908350903,0.3427974768128694,0.2854984780889366,0.3421325283091592,0.3049038319896238,0.4434396366100063,0.5105555581010524,0.2814140683754902,0.2291414897255621,0.071815317,0.0296555663182593,0.1026666666666665,0.0326666666666668,0.0316666666666668,0.0316666666666668,0.033833333,0.035160807,0.030666667,0.0298283619396763,0.034333333,3975.833333333331,717.0833333333346,0.1803605114231821,2280,481.8000000000002,80.31509121
0.007485585,0.2967076522080698,0.2450152519862033,0.2902442888288132,0.2468815040455218,0.4100078675176838,0.4659095106018118,0.2294767194494471,0.2364327911523647,0.074645373,0.0233333333333333,0.088333333,0.0316666666666668,0.0250000000000001,0.0233333333333336,0.0249999999999992,0.026666667,0.026666667,0.023333333,0.023333333,4140.0,805.0000000000011,0.1944444444444447,3150,446.5999999999999,100.0
0.009398536,0.3010248991424385,0.2546717602686827,0.2913385617505408,0.2417015800448823,0.4220347550564097,0.481411401930722,0.2255159258018286,0.2558954761288934,0.079541707,0.0232222222222221,0.088333333,0.0300000000000003,0.023333333,0.023333333,0.0250000000000001,0.026666667,0.023333333,0.023333333,0.0216666666666663,4050.0,786.6666666666656,0.1942386831275717,2850,469.8000000000002,92.7344782
0.0107917692429929,0.3091162209580264,0.2613067051510296,0.3022579289456759,0.2492724666340521,0.4292676325583596,0.4900952723547092,0.2320572475927784,0.2580380247619307,0.080030856,0.0247777777777777,0.091666667,0.0299999999999995,0.026666667,0.0250000000000001,0.028333333333333,0.0283333333333339,0.026666667,0.025,0.025,4020.0,764.9999999999989,0.1902985074626862,2660,497.8000000000002,88.44121532364598
0.0125512399440942,0.3233355004295084,0.2723091442541087,0.3187165396794196,0.2661502705025632,0.4417498376151876,0.5032960817083936,0.2474530340010221,0.2558430477073714,0.079667715,0.0258888888888889,0.093333333,0.0299999999999995,0.028333333333333,0.026666667,0.0300000000000003,0.0299999999999995,0.026666667,0.026666667,0.028333333,3980.0,743.3333333333333,0.1867671691792294,2510,511.25,85.13870541611624
0.0151873497636682,0.3452247659898421,0.2850061903227055,0.3410018252426771,0.2957571085345326,0.4647766117935942,0.5276706555521151,0.2719489519730741,0.255721704,0.080801297,0.0274666666666666,0.09481753,0.0309948341943004,0.029,0.029,0.0311666666666664,0.032,0.029,0.027333333,0.0301666666666677,3945.0,711.0833333,0.1802492606675115,2340,529.6500000000001,82.02113606340819
0.018323689,0.3716711536101483,0.3012281135794254,0.3658344656284045,0.3326499861386254,0.4926641352685655,0.5586426090210266,0.2874442163480708,0.2711983926729557,0.082304922,0.029022222,0.096333333,0.0325,0.0311666666666673,0.0311666666666664,0.033333333,0.0345000000000002,0.0308333333333338,0.0289999999999992,0.033833333,3889.5,677.8193548387106,0.1742690203981773,2190,525.3000000000002,79.08520475561426
0.007454629,0.2943377417340593,0.2391890346937754,0.2859454998635574,0.2470546937691167,0.4105980354301929,0.4638223341804037,0.2304708812771003,0.2333514529033034,0.075783626,0.0225555555555555,0.088333333,0.0300000000000003,0.0250000000000001,0.0216666666666663,0.0250000000000001,0.0250000000000001,0.0250000000000001,0.0233333333333336,0.023333333333334,4140.0,796.6666666666656,0.1924315619967791,3140,447.25,100.0
0.009105104,0.301072282,0.2535693567420643,0.2928707794219323,0.2432695690302026,0.4201522603607793,0.4811893777655873,0.228001892,0.2531874861130103,0.078684606,0.0231111111111111,0.088333333,0.0300000000000003,0.026666667,0.023333333,0.0250000000000001,0.0250000000000001,0.023333333,0.023333333,0.023333333333334,4060.0,781.6666666666663,0.1925287356321838,2850,474.5999999999999,93.28037073816616
0.0108471161316999,0.3156205044295557,0.2654393680453663,0.3099051305938933,0.2589893492167699,0.4337031109608798,0.4953445089597093,0.2419631454787119,0.2533813634809974,0.079019167,0.0245555555555555,0.091666667,0.031666667,0.026666667,0.0250000000000001,0.0266666666666657,0.028333333333333,0.026666667,0.0249999999999992,0.023333333333334,4020.0,754.9999999999989,0.1878109452736315,2660,488.8000000000002,88.94405825885468
0.0141872360057918,0.3481398901404989,0.287201563712644,0.3429821499151711,0.3005296765256554,0.4674670126691101,0.5300395197526957,0.2746035107537218,0.2554360089989739,0.080081776,0.0262222222222222,0.095,0.0316666666666668,0.028333333333333,0.028333333333333,0.0283333333333339,0.0299999999999995,0.026666667,0.026666667,0.026666667,3960.0,718.3333333333344,0.1813973063973066,2440,501.8499999999999,84.77325388944058
0.0215544550029035,0.4043903843176306,0.3202518909883238,0.3937120940837049,0.3768002496887344,0.5327841697914414,0.5998393411506917,0.3051754904437151,0.2946638507069765,0.086710791,0.0292764763613792,0.085,0.0335,0.031833333,0.031833333,0.033833333,0.034833333,0.031333333,0.0296666666666669,0.034,3813.571428571435,641.8303571428578,0.1683016482487356,2100,497.75,78.44753392916253
0.007399459,0.2920975326545811,0.2362038304836263,0.28372396214565,0.2437996865442665,0.41018623775293,0.466034737104354,0.2236072699605582,0.2424274671437958,0.076945545,0.0227777777777777,0.09,0.0299999999999995,0.0250000000000001,0.023333333,0.023333333,0.0250000000000001,0.026666667,0.023333333,0.023333333,4150.0,805.0000000000011,0.1939759036144581,3160,441.0999999999999,100.0
0.009248374,0.2996492478364062,0.2521116263753001,0.2909698829929575,0.2412490176623562,0.4198888330783979,0.4809077245542728,0.2260359717235562,0.2548717528307165,0.079665049,0.0232222222222221,0.09,0.0299999999999995,0.0250000000000001,0.023333333,0.0250000000000001,0.026666667,0.0250000000000001,0.0249999999999992,0.0216666666666663,4070.0,786.6666666666672,0.1932841932841934,2850,472.1500000000001,92.80765423952492
0.0105332789063718,0.3068554061477525,0.2591006367406606,0.3005984519546388,0.2486068850829052,0.4246504511186441,0.4877230292245706,0.231781124205967,0.2559419050186036,0.079130203,0.0247777777777777,0.093333333,0.0299999999999995,0.026666667,0.0250000000000001,0.028333333333333,0.0283333333333339,0.0250000000000001,0.025,0.023333333333334,4030.0,763.3333333333328,0.1894127377998344,2660,491.75,88.45265588914549
0.0125699147814504,0.3252593172356769,0.2717998580476367,0.3214860729896697,0.2722520292578694,0.4409641426650496,0.5044921972813641,0.2536055500457286,0.2508866472356355,0.078494313,0.026111111,0.095,0.0316666666666668,0.028333333333333,0.026666667,0.028333333333333,0.0299999999999995,0.026666667,0.026666667,0.026666667,4000.0,736.6666666666656,0.1841666666666664,2490,497.8499999999999,84.79049818541733
0.0203045171375346,0.3917873813956771,0.3125706399714542,0.3834347593584076,0.3595968601735729,0.5174308525379878,0.58572145,0.2977402124550283,0.2879812379947146,0.085220742,0.0289336492697905,0.094833333,0.0329999999999998,0.031666667,0.031494751,0.033333333,0.034666667,0.030666666666666,0.029328445,0.034166667,3887.142857142853,663.5607940446663,0.1707065622312631,2160,504.9000000000001,79.27746618277796
0.007244605,0.2915542756202602,0.2394637988034545,0.2837902378994645,0.24273199413204,0.4055678609758632,0.4611075224493746,0.2270630359368248,0.2340444865125497,0.074840881,0.0234444444444444,0.088333333,0.0316666666666668,0.0250000000000001,0.0233333333333336,0.023333333,0.026666667,0.026666667,0.023333333,0.023333333333334,4140.0,804.9999999999991,0.1944444444444442,3160,439.0500000000002,100.0
0.009554234,0.3054577336698485,0.2598187459407122,0.2980617831385561,0.2456182171752395,0.4238834617809967,0.4849946255929929,0.2290025604490804,0.2559920651439125,0.078956881,0.0236666666666666,0.088333333,0.0300000000000003,0.0250000000000001,0.023333333,0.0250000000000001,0.026666667,0.023333333,0.023333333,0.023333333333334,4050.0,786.6666666666672,0.1942386831275721,2840,486.75,92.798149983482
0.011178160585864,0.3158084522350043,0.2684308998975299,0.3105606464858805,0.2566274724417752,0.4331395094369591,0.4962630890229373,0.2380411234866355,0.2582219655363018,0.079299796,0.0252222222222222,0.09,0.031666667,0.026666667,0.0250000000000001,0.028333333333333,0.0283333333333339,0.0250000000000001,0.026666667,0.025,4020.0,761.6666666666661,0.1894693200663348,2650,514.5,88.56954079947143
0.0126150476217684,0.3256351095636811,0.2755248748811441,0.3224288373706898,0.2687917790339222,0.4412628604368203,0.5041168433578194,0.2495095224106871,0.2546073209471322,0.078749465,0.026444444,0.095,0.0299999999999995,0.028333333333333,0.028333333333333,0.0299999999999995,0.0300000000000003,0.026666667,0.026666667,0.026666667,3990.0,740.0,0.1854636591478696,2510,519.1999999999998,85.26593987446316
0.014445272,0.3391911794300573,0.2834950775925119,0.3375290074086083,0.2883543368240836,0.4527752745680057,0.5176380181798121,0.2676548995639025,0.2499831186159096,0.078415098,0.028122529,0.095833333,0.0316666666666668,0.030166667,0.0299999999999995,0.0320053342223699,0.032833333,0.0291666666666669,0.028,0.0308333333333321,3954.999999999999,717.2563718,0.1813543291565345,2370,527.3499999999999,82.31912785
0.0159347768917999,0.3511186845777645,0.2904586575783958,0.3494103541702546,0.3062775861024983,0.4636672591239226,0.5297769424651091,0.2778198074985418,0.2519571349665672,0.07818007,0.029077778,0.098166667,0.0325000000000003,0.0311666666666664,0.031333333,0.033333333,0.0345000000000002,0.0305,0.029333333333333,0.0335,3921.7500000000073,698.0833333333336,0.1780030173604468,2260,531.0,80.11892963330028
0.007179558,0.2880095810404524,0.2343946421484032,0.278956281626575,0.2395070334497894,0.4046257399891979,0.4595324191470444,0.2241341462669508,0.2353982728800936,0.07578358,0.0226666666666666,0.09,0.0300000000000003,0.0250000000000001,0.023333333,0.0233333333333336,0.026666667,0.026666667,0.021666667,0.023333333333334,4140.0,801.6666666666663,0.1936392914653783,3160,429.9499999999998,100.0
0.009220847,0.3047888604624765,0.2575333299520895,0.2942284094942646,0.2486375823826376,0.4243224773617338,0.4825721107967138,0.2326374664533967,0.249934644343317,0.077864032,0.0235555555555555,0.088333333,0.0299999999999995,0.0249999999999992,0.023333333,0.0249999999999992,0.026666667,0.0250000000000001,0.023333333,0.023333333,4060.0,786.6666666666656,0.1937602627257797,2890,463.25,93.94039735
0.0106602611419996,0.3136882240697903,0.2661896961089254,0.3062614313852897,0.2579112895985107,0.4298327570337118,0.4894590811463435,0.2412974601610855,0.2481616209852579,0.077099132,0.0252222222222222,0.091666667,0.0316666666666668,0.028333333333333,0.0249999999999992,0.028333333333333,0.028333333333333,0.026666667,0.026666667,0.0249999999999992,4020.0,761.6666666666661,0.1894693200663348,2690,473.1500000000001,89.17218543046359
0.0143242802444216,0.3470141500796734,0.2889176954270808,0.3435801758358353,0.3025140235217344,0.4583033086287134,0.5210075346286769,0.280027473550529,0.2409800610781478,0.075998539,0.0278888888888889,0.096666667,0.033333333,0.0299999999999995,0.028333333333333,0.0316666666666668,0.0316666666666668,0.0300000000000003,0.0283333333333339,0.03,4000.0,723.3333333333328,0.1808333333333332,2420,492.25,83.67549668874173
0.0189751140584151,0.3803307173147663,0.3101479267169555,0.3767419759410549,0.3523414253306731,0.487134723,0.5574027191581914,0.3027539585160771,0.2546487606421143,0.076194849,0.0311111111111111,0.1050000000000003,0.035,0.033333333,0.033333333,0.035,0.0366666666666663,0.033333333,0.0316666666666668,0.035,3980.0,693.3333333333343,0.1742043551088779,2190,496.5999999999999,79.10596026490066
0.007200665,0.2888616122218782,0.2376395143990969,0.2808480906454396,0.2380493719770768,0.4043116958283951,0.4602218307350401,0.2227513968607501,0.2374704338742899,0.075297046,0.0228888888888888,0.088333333,0.0299999999999995,0.026666667,0.0250000000000001,0.0250000000000001,0.0250000000000001,0.026666667,0.0216666666666663,0.023333333333334,4140.0,810.0,0.1956521739130435,3180,433.1999999999998,100.0
0.00954416,0.3046795685289536,0.2587189196807328,0.2931314824673451,0.2465984646960995,0.4259045481330011,0.4823862548423863,0.230455337677466,0.2519309171649202,0.078665612,0.0233333333333333,0.088333333,0.028333333333333,0.0250000000000001,0.0233333333333336,0.0250000000000001,0.026666667,0.0250000000000001,0.0233333333333336,0.023333333333334,4050.0,790.0,0.1950617283950617,2890,464.6999999999998,93.24769433465086
0.0112541145189575,0.3158853334915724,0.2703659447427703,0.3065580578602581,0.2571544578953533,0.4350251595213333,0.4944383130973793,0.2399996422587973,0.2544386708385819,0.078568742,0.0247777777777777,0.088333333,0.0299999999999995,0.026666667,0.0250000000000001,0.026666667,0.028333333333333,0.0250000000000001,0.0249999999999992,0.023333333333334,4010.0,770.0,0.1920199501246882,2680,492.5,88.57048748353095
0.0131790755830343,0.3288497057344596,0.2796140024210328,0.3230046341362968,0.2738820618910176,0.4443274820322657,0.5047084411682765,0.2556271046841263,0.2490813364841502,0.077498544,0.027222222,0.093333333,0.0316666666666668,0.0299999999999995,0.028333333333333,0.0300000000000003,0.0316666666666668,0.028333333333333,0.026666667,0.0283333333333339,4000.0,743.3333333333333,0.1858333333333333,2480,502.5,84.02503293807642
0.0169128784257472,0.3584694674090553,0.297592384,0.3541967120275563,0.3154388282664963,0.47200556,0.5360129757973124,0.2852408196833512,0.2507721561139612,0.07784255,0.029666667,0.098333333,0.0333333333333325,0.031666667,0.0299999999999995,0.033333333,0.033333333,0.0316666666666668,0.03,0.035,3980.0,713.3333333333343,0.1792294807370186,2270,526.5,79.94071146
0.007316225,0.2910241699665267,0.2361479914438325,0.2844405881220761,0.2434857557432651,0.4053899585133978,0.4611660809921147,0.2226055835273728,0.2385604974647419,0.07513938,0.0231111111111111,0.09,0.0300000000000003,0.0250000000000001,0.0233333333333336,0.0250000000000001,0.0250000000000001,0.026666667,0.021666667,0.023333333333334,4170.0,810.0,0.1942446043165467,3180,434.3499999999999,100.0
0.009952388,0.3113824769397048,0.2631596243054404,0.3012601705125415,0.2555452896873269,0.431147411738861,0.4901922544594508,0.2392454522528515,0.2509468022065992,0.078658386,0.0242222222222222,0.09,0.0300000000000003,0.026666667,0.0233333333333336,0.0250000000000001,0.026666667,0.0250000000000001,0.0250000000000001,0.023333333,4080.0,793.3333333333335,0.1944444444444444,2880,474.5500000000002,93.26322707854092
0.0112703917553398,0.3160478693333503,0.2690304450414585,0.3078250382374261,0.2601982510896523,0.4325894512577409,0.4945783515182977,0.2427602023406669,0.2518181491776308,0.077838936,0.0257777777777778,0.09,0.0316666666666668,0.026666667,0.026666667,0.028333333333333,0.0300000000000003,0.026666667,0.026666667,0.025,4050.0,770.0,0.1901234567901234,2670,489.1999999999998,88.36674334538284
0.0152447789013869,0.3523005655482775,0.2945875418910121,0.3486982120535543,0.3080195076958739,0.4631317928842052,0.527967317,0.2854224053169599,0.24254491180565,0.076392689,0.0282222222222223,0.096666667,0.031666667,0.0300000000000003,0.0299999999999995,0.031666667,0.031666667,0.0299999999999995,0.0283333333333339,0.03,4020.0,728.3333333333331,0.1811774461028192,2410,508.25,83.10877423595136
0.0201689878920061,0.3880928168790316,0.317456925,0.3851845185276287,0.3600878790482575,0.4946830473712332,0.5669607202535765,0.3105082208022522,0.2564524994513242,0.076736771,0.031,0.1050000000000003,0.033333333,0.033333333,0.031666667,0.035,0.0366666666666671,0.0316666666666668,0.0316666666666668,0.033333333,4010.0,696.6666666666672,0.173732335827099,2190,514.5999999999999,79.03384817614196
0.0075879,0.297443456,0.2403773216987027,0.2906155084860023,0.2517601948118621,0.4124143172843253,0.4684560229581365,0.2275144871752272,0.2409415357829092,0.075603986,0.0226666666666666,0.09,0.0316666666666668,0.0250000000000001,0.0233333333333336,0.0250000000000001,0.0250000000000001,0.026666667,0.0233333333333336,0.023333333333334,4170.0,801.6666666666667,0.1922462030375699,3160,447.5500000000002,100.0
0.0100561807994582,0.3129612734809217,0.2638322726983843,0.3032083241340497,0.257772808,0.4326132978675847,0.4918488246437764,0.2414793992954886,0.2503694253482877,0.07880981,0.024,0.09,0.0316666666666668,0.0250000000000001,0.0250000000000001,0.026666667,0.026666667,0.0250000000000001,0.023333333,0.023333333,4080.0,790.0,0.1936274509803921,2870,481.4499999999998,93.38598223099704
0.012140768,0.3278858226130399,0.276734064530278,0.3203857209311154,0.2750162941670191,0.4448895289632585,0.5073721341044144,0.2573312345531977,0.2500408995512166,0.07864772,0.0254444444444445,0.091666667,0.0316666666666668,0.026666667,0.026666667,0.028333333333333,0.0300000000000003,0.0250000000000001,0.026666667,0.025,4050.0,761.6666666666661,0.188065843621399,2640,513.6500000000001,88.54886475814412
0.0159642167732653,0.359751001,0.2981813718703675,0.3562878855061666,0.318989641,0.4707915210646693,0.538185396,0.2904727157809899,0.2477126801333111,0.077055381,0.0284444444444445,0.098333333,0.0316666666666668,0.0299999999999995,0.028333333333333,0.0316666666666668,0.0333333333333325,0.0300000000000003,0.0283333333333339,0.03,4030.0,725.0000000000011,0.1799007444168737,2390,506.0500000000002,83.08654162553471
0.0214390800836095,0.3975297615203246,0.3220998707391856,0.3942262144346296,0.3755019856244959,0.5032877416325492,0.5788017055208865,0.3154485809154137,0.2633531246054728,0.077471847,0.031444444,0.1083333333333333,0.035,0.033333333,0.033333333,0.035,0.0366666666666671,0.0316666666666668,0.0316666666666668,0.035,4010.0,690.0,0.1720698254364089,2160,492.8499999999999,78.71010200723921
0.00724781,0.2894230390729259,0.237225156353123,0.2815696057526525,0.2395354645159776,0.4047607062832982,0.4594778549675249,0.2231039801247822,0.2363738748427426,0.075222504,0.0231111111111111,0.09,0.0300000000000003,0.0250000000000001,0.0233333333333336,0.023333333,0.0250000000000001,0.026666667,0.023333333,0.0216666666666663,4140.0,806.6666666666656,0.1948470209339772,3180,427.8000000000002,100.0
0.009244388,0.300039594,0.255619232196751,0.2848174442301655,0.2386893613608347,0.4268916969018119,0.4820513470890168,0.2230244994754309,0.2590268476135859,0.080735078,0.0229999999999999,0.088333333,0.0299999999999995,0.0250000000000001,0.023333333,0.0249999999999992,0.026666667,0.0249999999999992,0.0233333333333336,0.023333333,4030.0,790.0,0.1960297766749379,2920,444.0500000000002,93.50478074513684
0.0107225378808671,0.312872293,0.2689112199055308,0.300445576541606,0.2512024611236186,0.4366774610225844,0.4928767053911023,0.2339470538755252,0.258929652,0.080205727,0.024111111,0.088333333,0.0299999999999995,0.026666667,0.0250000000000001,0.026666667,0.028333333333333,0.0250000000000001,0.0249999999999992,0.023333333333334,4000.0,773.3333333333344,0.1933333333333336,2740,474.5,89.74612594790636
0.0124839645824085,0.329805106680223,0.2829268827147005,0.3216080072904476,0.2716658056602818,0.4485779985318521,0.5059346530117055,0.2523155826098555,0.2536190704018499,0.078739668,0.0261111111111111,0.093333333,0.0300000000000003,0.0283333333333339,0.026666667,0.0300000000000003,0.0299999999999995,0.026666667,0.026666667,0.026666667,3970.0,746.6666666666672,0.1880772460117549,2580,505.1999999999998,86.51500165
0.015692722,0.3592303201131546,0.3010847173484208,0.3534844256472335,0.3110664600982255,0.4768166215401937,0.5374993392132892,0.2882861793557327,0.2492131598575564,0.079235131,0.029111111111111,0.096666667,0.033333333,0.0316666666666668,0.031666667,0.033333333,0.035,0.0316666666666668,0.0283333333333339,0.0316666666666668,3940.0,710.0,0.1802030456852792,2380,521.1999999999998,82.92120013188263
0.018456769,0.3825542786700446,0.3145732123863724,0.3767205500466309,0.3475723019344962,0.4967179672870176,0.5609936349679052,0.3045113493386772,0.256482285629228,0.078810625,0.0308323055898137,0.098666667,0.034666667,0.03316114,0.033661056,0.035327445,0.0366666666666663,0.032833333,0.0316613897683721,0.037,3856.666666666674,673.1862068965521,0.1745513068876104,2210,525.4499999999998,79.67688757006263
0.007415765,0.2934639616740995,0.2387013312849376,0.2850262947204307,0.2451694537293278,0.4104280363891615,0.465364623,0.2290034077195688,0.2363612157123151,0.076238009,0.022555556,0.088333333,0.0300000000000003,0.0250000000000001,0.0233333333333336,0.0250000000000001,0.0250000000000001,0.026666667,0.023333333,0.023333333333334,4140.0,801.6666666666667,0.1936392914653784,3160,444.0,100.0
0.009016285,0.29751271,0.2535461936794873,0.2827271381900887,0.236354749515608,0.4232334414274954,0.4772995856902953,0.2214700941195801,0.2558294915707151,0.080274552,0.0231111111111111,0.088333333,0.031666667,0.026666667,0.023333333,0.0249999999999992,0.026666667,0.0249999999999992,0.023333333,0.023333333,4030.0,794.9999999999991,0.1972704714640196,2930,435.3499999999999,93.60158311345648
0.0113736479295654,0.3238279979229373,0.2786521835768666,0.3125610618773682,0.2637231075138301,0.4460621840631521,0.502207485,0.2454264148581728,0.2567810700978361,0.079823315,0.024555556,0.09,0.031666667,0.026666667,0.026666667,0.026666667,0.028333333333333,0.026666667,0.0249999999999992,0.0249999999999992,4000.0,770.0,0.1925,2720,492.1999999999998,89.74274406332454
0.0133578514967909,0.3412983909094106,0.2912349987454035,0.3329444967552871,0.2860010349739261,0.4605943415987797,0.5188464833954507,0.2660064544735672,0.2528400289218835,0.079217359,0.0265555555555556,0.093333333,0.031666667,0.028333333333333,0.028333333333333,0.0299999999999995,0.0300000000000003,0.026666667,0.026666667,0.028333333,3970.0,741.6666666666661,0.1868178001679259,2540,521.4499999999998,86.27968337730871
0.0193215989519649,0.3899516690783307,0.3167044119649552,0.3806981892289541,0.3555464054213869,0.512587301,0.5770036635912197,0.3061570839614641,0.2708465796297555,0.082927809,0.0307777777777776,0.096666667,0.035,0.033333333,0.033333333,0.035,0.0366666666666671,0.0333333333333338,0.03,0.035,3870.0,670.0,0.1731266149870801,2210,533.0999999999999,80.14511873350924
0.0202196733836759,0.3934226829933422,0.3155834943668738,0.3837349723882907,0.3666561676719024,0.5133096718913868,0.5796745857608125,0.3062700782908324,0.2734045074699801,0.082524261,0.031999632,0.095833333,0.036833333,0.0345000000000002,0.035,0.0366666666666671,0.0370000000000001,0.0336666666666668,0.032666667,0.037166667,3786.2500000000023,644.8518518518525,0.1703141239621927,2090,522.0999999999999,77.43403693931398
0.007246144,0.2910324909191931,0.2383098602378589,0.2839546277258471,0.2422053597244511,0.4050030239521696,0.4595011259127228,0.2266377051382222,0.2328634207745006,0.074704481,0.022888889,0.088333333,0.0300000000000003,0.0250000000000001,0.0233333333333336,0.0250000000000001,0.0250000000000001,0.0250000000000001,0.0216666666666663,0.0249999999999992,4140.0,804.9999999999991,0.1944444444444442,3170,437.9499999999998,100.0
0.00924938,0.3001130459675514,0.2549803343909994,0.2851599119048864,0.2393965118881752,0.4267686304962907,0.482382937301939,0.2235612461943108,0.2588216911076282,0.080781477,0.0228888888888888,0.086666667,0.0299999999999995,0.0250000000000001,0.023333333,0.0249999999999992,0.026666667,0.0249999999999992,0.023333333,0.023333333,4030.0,790.0,0.1960297766749379,2920,444.5500000000002,93.47611202635916
0.0109919966364645,0.3173535444099818,0.2720770316289747,0.3049568280548315,0.2572331486501558,0.440881892,0.4970607953079566,0.2406779757343367,0.2563828195736199,0.080077719,0.0242222222222222,0.09,0.0299999999999995,0.026666667,0.0250000000000001,0.026666667,0.028333333333333,0.0250000000000001,0.0249999999999992,0.023333333333334,4000.0,770.0,0.1925,2730,480.8000000000002,89.65403624382208
0.0124365789426749,0.3293559620430588,0.2820671123036593,0.3209631826181394,0.2715364855085984,0.4484272132839656,0.5051929370528025,0.2526414362771922,0.2525515007756103,0.078741413,0.0261111111111111,0.093333333,0.031666667,0.028333333333333,0.026666667,0.0300000000000003,0.0300000000000003,0.026666667,0.026666667,0.026666667,3980.0,750.0,0.1884422110552764,2570,505.1500000000001,86.35914332784184
0.0168333925472655,0.3687824120274035,0.3043582575090897,0.3611997436774801,0.3258165879425648,0.4894089079737593,0.5509725004971262,0.2902910600750885,0.2606814404220376,0.081092498,0.029222222,0.095,0.033333333,0.0316666666666668,0.031666667,0.033333333,0.035,0.0299999999999995,0.0283333333333339,0.033333333,3920.0,696.6666666666656,0.1777210884353738,2330,518.4000000000001,81.97693574958814
0.0192401150898014,0.3877153344965014,0.315874462,0.380486908,0.3559180896620934,0.5040348500231161,0.5699264359916005,0.3060014911304233,0.2639249448611772,0.080387036,0.0310996356137749,0.097833333,0.034666667,0.033166667,0.0335,0.0355000000000002,0.036833333,0.032666667,0.0316666666666668,0.036666667,3848.92857142857,665.8781362007179,0.1730035057401884,2180,530.1500000000001,79.19604612850083
0.007278177,0.2900094009097263,0.2368295157253664,0.2814113680118611,0.2411708326900034,0.4060492361155484,0.4608962371797043,0.2240869212963212,0.236809315883383,0.075773042,0.022888889,0.088333333,0.0316666666666668,0.0250000000000001,0.0233333333333336,0.0249999999999992,0.026666667,0.0249999999999992,0.023333333,0.0249999999999992,4130.0,803.3333333333328,0.1945117029862791,3160,439.6999999999998,100.0
0.009464139,0.3049718913498004,0.259852088,0.2909061000557969,0.2443362741128397,0.4306083418960584,0.4856883607520745,0.2287267914201769,0.2569615693318976,0.080483423,0.0231111111111111,0.088333333,0.0316666666666668,0.0250000000000001,0.023333333,0.0250000000000001,0.026666667,0.0250000000000001,0.0233333333333336,0.0216666666666663,4030.0,788.3333333333335,0.195616211745244,2900,457.25,93.49620337
0.0112374338146918,0.3218957720883581,0.276216701,0.3106895987974746,0.262195139,0.444170866,0.5008390002686873,0.2449921640155372,0.2558468362531501,0.079717614,0.0245555555555555,0.09,0.0316666666666668,0.026666667,0.0249999999999992,0.026666667,0.028333333333333,0.0249999999999992,0.026666667,0.0249999999999992,4000.0,764.9999999999989,0.1912499999999997,2710,492.9000000000001,89.63354242324199
0.0123587098623635,0.3288591173953042,0.2816768980160384,0.3210913232600431,0.2714817325101549,0.4467057882882734,0.5045715241741862,0.2530394857879159,0.2515320383862702,0.078267419,0.0264444444444444,0.093333333,0.031666667,0.028333333333333,0.0283333333333339,0.0299999999999995,0.0299999999999995,0.026666667,0.026666667,0.026666667,3970.0,746.6666666666672,0.1880772460117549,2570,493.8499999999999,86.29910861670518
0.0179278850777682,0.3787745825009092,0.3133632974939309,0.3726683891928674,0.33583198,0.4988813399082866,0.5619357052581824,0.3019281011160805,0.2600076041421019,0.0810993,0.029888889,0.096666667,0.033333333,0.033333333,0.0316666666666668,0.033333333,0.035,0.0316666666666668,0.03,0.033333333,3910.0,696.6666666666672,0.1781756180733164,2280,524.1500000000001,81.28095080884782
0.018767616,0.3830644975956938,0.3110189907620023,0.3755619732620355,0.3507218924719904,0.5004558841471287,0.5653104611023205,0.301633475015559,0.2636769860867615,0.080696949,0.030944788,0.098166667,0.0351666666666659,0.0335,0.0336666666666668,0.035833333,0.0370000000000001,0.033,0.031333333,0.036166667,3845.238095238096,666.5012406947895,0.1733315920073136,2180,522.5999999999999,79.21756355
0.006710269,0.2867680014346859,0.232346482,0.2919471649940184,0.2579160318897039,0.3688317826184327,0.43647082393734,0.2201134670399336,0.2163573568974064,0.062700766,0.024888623,0.1059823362772874,0.033994334,0.027,0.025833333333334,0.0261623062822858,0.028333333333333,0.0286666666666665,0.024833333,0.0256666666666662,4177.000000000004,779.4181818181817,0.186597601584434,3050,443.6500000000001,100.0
0.008905176,0.3197287876256756,0.27819813253659,0.3135092822396079,0.2674853766584136,0.424644294,0.4890924105472058,0.2500971232144375,0.2389952873327683,0.072788177,0.0261219433623577,0.1136666666666658,0.0354940843192803,0.0286666666666665,0.027333333,0.028833333,0.030333333333333,0.0283333333333339,0.027,0.025833333333334,4047.142857142853,778.5064935,0.1923595289285375,2820,495.1999999999998,94.77124183006536
0.0119775384388823,0.3562795062931542,0.3077072396321177,0.3546925530331364,0.3148844239617538,0.4523916867424814,0.5204718564994746,0.2932286792393401,0.2272431772601344,0.069488429,0.0289898552173961,0.1179803366105653,0.038833333,0.032333333,0.0305,0.0326666666666668,0.034333333,0.030333333333333,0.030666667,0.030666666666666,4020.000000000004,739.2857142857144,0.1839019189765457,2580,501.3499999999999,89.98826881179824
0.016079099,0.3992352052148119,0.3359850887504119,0.3982914557337628,0.3739553550734478,0.4931708102374525,0.5646954401961177,0.3296764335851195,0.2350190066109981,0.069791684,0.0312333270599629,0.1165,0.042166667,0.034666667,0.032833333,0.035833333,0.0374999999999997,0.0326666666666668,0.033166667,0.034333333,3977.380952380957,699.1758241758257,0.1757879953031107,2390,504.4000000000001,86.91134573487516
0.0205939442559534,0.4245181169957455,0.3442781990984912,0.4191978243718062,0.4193234970877708,0.5197441852885731,0.5953557807654601,0.3375051650208834,0.2578506157445767,0.072758513,0.035210734,0.092666667,0.044166667,0.039333333,0.039166667,0.0413333333333339,0.042333333,0.037833333,0.0374999999999997,0.0426666666666665,3755.714285714285,622.6129032258077,0.1657774942023832,2060,468.6500000000001,78.90062007709068
0.006960385,0.2865015391059968,0.2312236076737336,0.2801634772183365,0.2390874079655458,0.400903944,0.4530277925002952,0.2205683571497732,0.232459435350522,0.074553123,0.0224444444444444,0.088333333,0.0299999999999995,0.023333333,0.0233333333333336,0.0233333333333336,0.0250000000000001,0.0250000000000001,0.0233333333333336,0.0216666666666679,4180.0,808.3333333333346,0.1933811802232858,3190,424.0500000000002,100.0
0.00965363,0.3039503198772651,0.255471956,0.29042993,0.2424505130414204,0.4334548032928212,0.4902447884732543,0.2260864403285807,0.2641583481446736,0.08329688,0.0234444444444444,0.09,0.0316666666666668,0.026666667,0.0250000000000001,0.0250000000000001,0.028333333333333,0.0250000000000001,0.0233333333333336,0.023333333333334,4040.0,788.3333333333335,0.1951320132013201,2880,468.3499999999999,92.99572509043078
0.0131540241713511,0.3425450389864574,0.2854654845633157,0.3324960973515024,0.2911620168767277,0.466856521292238,0.5274484757506066,0.2722376841794809,0.2552107915711257,0.082276385,0.0264444444444443,0.095,0.033333333,0.028333333333333,0.028333333333333,0.0299999999999995,0.0300000000000003,0.026666667,0.0283333333333339,0.0283333333333339,3980.0,738.3333333333333,0.1855108877721943,2570,512.75,87.17527129233804
0.0139776145547921,0.3490329327034914,0.2887682211372734,0.3403666069935563,0.3031244679164724,0.4695060807984478,0.5304698873967646,0.2826395532262766,0.2478303341704879,0.080703035,0.027444444,0.095,0.033333333,0.0299999999999995,0.0299999999999995,0.0316666666666668,0.033333333,0.028333333333333,0.03,0.0283333333333339,3930.0,718.3333333333333,0.1827820186598812,2470,516.75,84.90628082867477
0.017217868,0.3761582904066028,0.3035014495899889,0.3710413674093821,0.3482976820418419,0.487010419656663,0.5561506513961907,0.2966418446259179,0.2595088067702727,0.078528347,0.0311111111111111,0.091666667,0.035,0.033333333,0.033333333,0.0366666666666671,0.0366666666666671,0.033333333,0.0316666666666668,0.038333333,3790.0,653.3333333333343,0.1723834652594549,2200,507.5,78.95429135
0.007079506,0.2861273486750054,0.2362680582820683,0.277752814,0.2372925377475764,0.3984447351438764,0.4548575258695302,0.2229341728981466,0.2319233529713835,0.074013783,0.0230237571393648,0.090166667,0.0305,0.025166667,0.0239999999999997,0.024166667,0.0253333333333327,0.026166666666667,0.0225000000000002,0.0231705284214032,4121.4285714285725,809.0151515151526,0.1962948374560162,3180,441.9000000000001,100.0
0.009604694,0.3127710698300722,0.2745154187788671,0.2999388694644284,0.2517514785201945,0.4303234821885647,0.487896548,0.2364181016261115,0.2514784466272695,0.07717214,0.0241463171881856,0.090015003,0.0315,0.0264999999999996,0.0244959173471085,0.026,0.0275,0.0256666666666666,0.024166667,0.0236666666666679,4008.333333333332,790.3636363636379,0.1971801171801176,2890,470.0999999999999,93.29568586249918
0.01370138,0.3576520401207176,0.3085660274225975,0.3472911725204464,0.3063342222890114,0.4738254623123169,0.5349542274826904,0.2897834479513672,0.2451707795313231,0.077533504,0.0270684712314155,0.0915,0.0339999999999998,0.0291666666666669,0.0276666666666665,0.0298333333333334,0.0308333333333338,0.0275,0.027833333,0.028,3941.2500000000023,738.3333333333346,0.1873348134052227,2580,507.4000000000001,87.65513166
0.0173399200878266,0.380864556995754,0.3179011329351869,0.3755247184873945,0.3496443732570038,0.4852974276374602,0.5556566901026752,0.3097722324603785,0.2458844576422966,0.07447149,0.031334384,0.0805,0.0355000000000002,0.0336666666666668,0.0339999999999998,0.035333333,0.035333333,0.0328333333333321,0.032166667,0.0374999999999997,3706.964285714287,648.2000000000013,0.1748600606965656,2170,508.5999999999999,77.94011425569637
0.007281216,0.2923743714488322,0.235788736247739,0.28609258,0.2461339842805155,0.4068590533459458,0.4636494210464281,0.2218955769086519,0.2417538441377762,0.075471532,0.0225555555555555,0.088333333,0.0300000000000003,0.0250000000000001,0.0233333333333336,0.0250000000000001,0.0250000000000001,0.0249999999999992,0.021666667,0.023333333333334,4170.0,803.3333333333335,0.1926458832933653,3170,447.8499999999999,100.0
0.010146656956658,0.3112058664387105,0.263660455196932,0.2987633878557847,0.2513210105807435,0.4369167184232289,0.4953796033832915,0.2350527677414757,0.2603268356418158,0.081968705,0.0234444444444444,0.09,0.0316666666666668,0.026666667,0.0250000000000001,0.026666667,0.028333333333333,0.0233333333333336,0.0249999999999992,0.023333333333334,4040.0,784.9999999999991,0.1943069306930691,2850,480.9000000000001,92.48441089596324
0.0141417573660295,0.3536458863837306,0.2948996091620499,0.3442529537662638,0.3060205974386907,0.4750811984494089,0.5392540002374151,0.2882231832823805,0.2510308169550346,0.081326951,0.026555556,0.093333333,0.033333333,0.0299999999999995,0.028333333333333,0.0299999999999995,0.0300000000000003,0.026666667,0.028333333,0.028333333,3980.0,733.3333333333344,0.1842546063651594,2540,507.5500000000002,86.77387594355103
0.0174335748918387,0.3783755754773978,0.3088043758510075,0.3726267462960329,0.346970535,0.4903650379596566,0.5594906413703877,0.301973466,0.2575171749477737,0.078713153,0.0301111111111111,0.086666667,0.035,0.0316666666666668,0.033333333,0.035,0.035,0.0316666666666668,0.0316666666666668,0.035,3830.0,666.6666666666656,0.1740644038294166,2250,514.75,80.27568099770266
