cell_global_id,cell_folder,aging_condition,aging_temperature_C,rpt_id_from_filename,source_file,channel,channel_num,rpt_id,q02_selection,q02_step,q02_repeat,q02_current_A,q02_duration_s,q02_capacity_span_Ah,q02_complete_candidates,q1_selection,q1_step,q1_repeat,q1_current_A,q1_duration_s,q1_capacity_span_Ah,q1_complete_candidates,discharge_0p2C_capacity_Ah,delta_q_at_4p195_Ah,status,cell_channel_match,qc_warning,var_dq_3p3_4p2_Ah2,mean_dq_gt_3p8_Ah,mean_dq_3p8_3p9_Ah,mean_dq_3p9_4p0_Ah,mean_dq_4p0_4p1_Ah,mean_dq_4p1_4p2_Ah,max_dq_gt_3p8_Ah,min_dq_gt_3p8_Ah,range_dq_gt_3p8_Ah,std_dq_gt_3p8_Ah,soh_label_pct,soh_label_source
1,1. LOW C@ 25°C #1,LOW C@ 25°C #1,25.0,0,/content/drive/MyDrive/Battery raw data/RPT Data/1. LOW C@ 25°C #1/0.csv,M01Ch001[001],1,0,protocol_second_repeat,6,2,0.6,18219.8,3.028,2,protocol_second_repeat,11,2,3.0,3583.05,2.879,2,3.018,0.4169999999999998,OK,True,,0.007518709435044565,0.29440506631487184,0.2385396726525408,0.2870851067043604,0.24751447505367427,0.4098933085804826,0.4632389533542547,0.23079764271699954,0.23244131063725515,0.07545669297654967,100.0,2nd 0.2C discharge / same-cell RPT0
1,1. LOW C@ 25°C #1,LOW C@ 25°C #1,25.0,1,/content/drive/MyDrive/Battery raw data/RPT Data/1. LOW C@ 25°C #1/1.csv,M01Ch001[001],1,1,protocol_second_repeat,6,2,0.6,16956.05,2.816,1,protocol_second_repeat,11,2,3.0,3325.05,2.662,2,2.81,0.4289999999999998,OK,True,,0.0089144533707492,0.29811830740265416,0.25370691899705766,0.2887567409193244,0.23944125661168872,0.4160737937854986,0.4712643683652331,0.22305446322870326,0.24820990513652985,0.07700950257569367,93.10801855533467,2nd 0.2C discharge / same-cell RPT0
1,1. LOW C@ 25°C #1,LOW C@ 25°C #1,25.0,2,/content/drive/MyDrive/Battery raw data/RPT Data/1. LOW C@ 25°C #1/2.csv,M01Ch001[001],1,2,protocol_second_repeat,6,2,0.6,16300.65,2.705,1,protocol_second_repeat,11,2,3.0,3178.15,2.537,2,2.7,0.43699999999999983,OK,True,,0.009735855013251598,0.30230977504895623,0.2585390226487607,0.2958997342886638,0.24483464329300123,0.4152683707017176,0.47201638380280864,0.22730673262367862,0.24470965117913002,0.07518193861634999,89.46322067594434,2nd 0.2C discharge / same-cell RPT0
1,1. LOW C@ 25°C #1,LOW C@ 25°C #1,25.0,3,/content/drive/MyDrive/Battery raw data/RPT Data/1. LOW C@ 25°C #1/3.csv,M01Ch001[001],1,3,protocol_second_repeat,6,2,0.6,15994.85,2.653,1,protocol_second_repeat,11,2,3.0,3110.65,2.48,2,2.649,0.4406868718963346,OK,True,,0.010022406124197858,0.30233032286840844,0.2595836714760728,0.29704450928769666,0.24527480717298852,0.4126066299005401,0.46987855818284396,0.22762684180137338,0.24225171638147058,0.07420418783328994,87.77335984095429,2nd 0.2C discharge / same-cell RPT0
1,1. LOW C@ 25°C #1,LOW C@ 25°C #1,25.0,4,/content/drive/MyDrive/Battery raw data/RPT Data/1. LOW C@ 25°C #1/4.csv,M01Ch001[001],1,4,protocol_second_repeat,6,2,0.6,15725.55,2.607,1,protocol_second_repeat,11,2,3.0,3045.7,2.422,2,2.603,0.456019886382641,OK,True,,0.010921385644393098,0.311752503288844,0.2676939755424634,0.3085448179053451,0.2563738836039677,0.4194894816770439,0.4785244749374873,0.23799728516445273,0.24052718977303456,0.0733673849369852,86.2491716368456,2nd 0.2C discharge / same-cell RPT0
1,1. LOW C@ 25°C #1,LOW C@ 25°C #1,25.0,5,/content/drive/MyDrive/Battery raw data/RPT Data/1. LOW C@ 25°C #1/5.csv,M01Ch001[001],1,5,protocol_second_repeat,6,2,0.6,15527.15,2.572,1,protocol_second_repeat,11,2,3.0,2992.95,2.375,2,2.568,0.46299999999999963,OK,True,,0.011733071028996712,0.320389754699667,0.27436563425947463,0.3190138977272156,0.26788691855986174,0.4252705107175828,0.4839833156786435,0.2486296819828595,0.235353633695784,0.07212156212981144,85.08946322067595,2nd 0.2C discharge / same-cell RPT0
1,1. LOW C@ 25°C #1,LOW C@ 25°C #1,25.0,6,/content/drive/MyDrive/Battery raw data/RPT Data/1. LOW C@ 25°C #1/6.csv,M01Ch001[001],1,6,protocol_second_repeat,6,2,0.6,15031.1,2.4872,1,protocol_second_repeat,11,2,3.0,2857.05,2.2565,2,2.481,0.48809674592745256,OK,True,,0.013626091324723944,0.33760348875340984,0.28607187477374374,0.33858700516731344,0.2942984033794681,0.4361616247952732,0.4969137184803696,0.273293410452522,0.2236203080278476,0.06975681669172008,82.20675944333996,2nd 0.2C discharge / same-cell RPT0
1,1. LOW C@ 25°C #1,LOW C@ 25°C #1,25.0,7,/content/drive/MyDrive/Battery raw data/RPT Data/1. LOW C@ 25°C #1/7.csv,M01Ch001[001],1,7,protocol_second_repeat,6,2,0.6,14609.95,2.4148,1,protocol_second_repeat,11,2,3.0,2730.5,2.1463,2,2.4075,0.5135973449195959,OK,True,,0.016119386403344947,0.35794463630615336,0.2991211177428738,0.3594391020328141,0.3248173128942509,0.4529425121886838,0.5173298445234684,0.29218636152837263,0.2251434829950958,0.06906641140230407,79.77137176938372,2nd 0.2C discharge / same-cell RPT0
2,2. LOW C@ 25°C #2,LOW C@ 25°C #2,25.0,0,/content/drive/MyDrive/Battery raw data/RPT Data/2. LOW C@ 25°C #2/0.csv,M01Ch002[002],2,0,protocol_second_repeat,6,2,0.6,18362.4,3.051,2,protocol_second_repeat,11,2,3.0,3618.1,2.911,2,3.042,0.40600000000000014,OK,True,,0.007094631082694072,0.286677754908609,0.23149696758252078,0.27917400928312613,0.238905089882079,0.40256401596529656,0.45707911762691644,0.2195983800332002,0.23748073759371624,0.07581233628818682,100.0,2nd 0.2C discharge / same-cell RPT0
2,2. LOW C@ 25°C #2,LOW C@ 25°C #2,25.0,1,/content/drive/MyDrive/Battery raw data/RPT Data/2. LOW C@ 25°C #2/1.csv,M01Ch002[002],2,1,protocol_second_repeat,6,2,0.6,17120.65,2.843,1,protocol_second_repeat,11,2,3.0,3360.5,2.693,2,2.837,0.41999999999999993,OK,True,,0.008566329119287227,0.2921403730308043,0.24850523298656482,0.28222165389199594,0.23284002058278952,0.41051331125418483,0.4679760311620864,0.21765432000051987,0.25032171116156654,0.07763526932547661,93.26101249178174,2nd 0.2C discharge / same-cell RPT0
2,2. LOW C@ 25°C #2,LOW C@ 25°C #2,25.0,2,/content/drive/MyDrive/Battery raw data/RPT Data/2. LOW C@ 25°C #2/2.csv,M01Ch002[002],2,2,protocol_second_repeat,6,2,0.6,16445.05,2.728,1,protocol_second_repeat,11,2,3.0,3206.95,2.56,2,2.723,0.44200000000000017,OK,True,,0.00960006099067111,0.30112818364350263,0.2583822900179812,0.29464413628781627,0.24341187954015817,0.4133406903903364,0.472296174401563,0.22600247421585085,0.24629370018571217,0.07544894500608229,89.51347797501644,2nd 0.2C discharge / same-cell RPT0
2,2. LOW C@ 25°C #2,LOW C@ 25°C #2,25.0,3,/content/drive/MyDrive/Battery raw data/RPT Data/2. LOW C@ 25°C #2/3.csv,M01Ch002[002],2,3,protocol_second_repeat,6,2,0.6,16128.1,2.674,1,protocol_second_repeat,11,2,3.0,3136.6,2.498,2,2.67,0.4476550599726643,OK,True,,0.010190681546205865,0.3060401191600542,0.26284216574872415,0.30172774724839013,0.2502187726562338,0.41448446992931354,0.47506831762491464,0.23157012041624658,0.24349819720866805,0.07413093396993968,87.77120315581854,2nd 0.2C discharge / same-cell RPT0
2,2. LOW C@ 25°C #2,LOW C@ 25°C #2,25.0,4,/content/drive/MyDrive/Battery raw data/RPT Data/2. LOW C@ 25°C #2/4.csv,M01Ch002[002],2,4,protocol_second_repeat,6,2,0.6,15835.5,2.624,1,protocol_second_repeat,11,2,3.0,3066.4,2.438,2,2.621,0.4536534435785997,OK,True,,0.010733869235095624,0.31035307476289015,0.26647767792254234,0.3081961754193165,0.25655742488225,0.41514545688888516,0.47684804038442064,0.23676976829559804,0.2400782720888226,0.07261648805941037,86.16042077580539,2nd 0.2C discharge / same-cell RPT0
2,2. LOW C@ 25°C #2,LOW C@ 25°C #2,25.0,5,/content/drive/MyDrive/Battery raw data/RPT Data/2. LOW C@ 25°C #2/5.csv,M01Ch002[002],2,5,protocol_second_repeat,6,2,0.6,15618.5,2.587,1,protocol_second_repeat,11,2,3.0,3007.35,2.387,2,2.582,0.46450001108079775,OK,True,,0.011488130232646145,0.3188216498283146,0.27320675022102003,0.31910789861622374,0.26833384555573875,0.419432505784723,0.47978283643249897,0.24807153125402204,0.23171130517847693,0.07061998511828695,84.87836949375411,2nd 0.2C discharge / same-cell RPT0
2,2. LOW C@ 25°C #2,LOW C@ 25°C #2,25.0,6,/content/drive/MyDrive/Battery raw data/RPT Data/2. LOW C@ 25°C #2/6.csv,M01Ch002[002],2,6,protocol_second_repeat,6,2,0.6,15164.9,2.5085,1,protocol_second_repeat,11,2,3.0,2884.05,2.2783,2,2.5028,0.486428195170717,OK,True,,0.013334844354592989,0.33694642434360417,0.28635529230935425,0.3400207495480255,0.2956249723321842,0.43026502519197046,0.49385797528101083,0.27303896120624604,0.22081901407476479,0.06806746609005784,82.27481919789614,2nd 0.2C discharge / same-cell RPT0
2,2. LOW C@ 25°C #2,LOW C@ 25°C #2,25.0,7,/content/drive/MyDrive/Battery raw data/RPT Data/2. LOW C@ 25°C #2/7.csv,M01Ch002[002],2,7,protocol_second_repeat,6,2,0.6,14732.0,2.4339,1,protocol_second_repeat,11,2,3.0,2748.2,2.1581,2,2.4261,0.5188018181957053,OK,True,,0.016489454105336938,0.3641516423817326,0.30471707099392525,0.3675678662962335,0.33531052004087103,0.45329678848554006,0.5214665481182339,0.2998872461693265,0.2215793019489074,0.06746183107766367,79.7534516765286,2nd 0.2C discharge / same-cell RPT0
3,3. LOW C@ 25°C #3,LOW C@ 25°C #3,25.0,0,/content/drive/MyDrive/Battery raw data/RPT Data/3. LOW C@ 25°C #3/0.csv,M01Ch003[003],3,0,protocol_second_repeat,6,2,0.6,18330.2,3.046,2,protocol_second_repeat,11,2,3.0,3610.2,2.907,2,3.036,0.4009999999999998,OK,True,,0.007079439816849586,0.2909503145261985,0.23905274101593438,0.2848991813716903,0.24334757781066005,0.4017036909110937,0.45498810186643146,0.22778529530406155,0.2272028065623699,0.07284660084746682,100.0,2nd 0.2C discharge / same-cell RPT0
3,3. LOW C@ 25°C #3,LOW C@ 25°C #3,25.0,1,/content/drive/MyDrive/Battery raw data/RPT Data/3. LOW C@ 25°C #3/1.csv,M01Ch003[003],3,1,protocol_second_repeat,6,2,0.6,17074.45,2.836,1,protocol_second_repeat,11,2,3.0,3351.55,2.69,2,2.829,0.41337480906284485,OK,True,,0.008459223365917673,0.290786108946566,0.24758347870573902,0.2804258754473539,0.23278977960685054,0.4077937587615681,0.4629748060910108,0.2173762434180655,0.24559856267294533,0.07619712183204812,93.18181818181819,2nd 0.2C discharge / same-cell RPT0
3,3. LOW C@ 25°C #3,LOW C@ 25°C #3,25.0,2,/content/drive/MyDrive/Battery raw data/RPT Data/3. LOW C@ 25°C #3/2.csv,M01Ch003[003],3,2,protocol_second_repeat,6,2,0.6,16435.25,2.727,1,protocol_second_repeat,11,2,3.0,3210.4,2.563,2,2.722,0.43902735938607274,OK,True,,0.009813020430003495,0.3042459692533844,0.26218449248968395,0.29734911572605416,0.2466229260654158,0.41607020073724177,0.47459950702800224,0.22899809994327014,0.2456014070847321,0.07484878445880214,89.6574440052701,2nd 0.2C discharge / same-cell RPT0
3,3. LOW C@ 25°C #3,LOW C@ 25°C #3,25.0,3,/content/drive/MyDrive/Battery raw data/RPT Data/3. LOW C@ 25°C #3/3.csv,M01Ch003[003],3,3,protocol_second_repeat,6,2,0.6,16136.85,2.677,1,protocol_second_repeat,11,2,3.0,3148.25,2.51,2,2.672,0.43999999999999995,OK,True,,0.010071659514164505,0.30431481779584485,0.26394944193726344,0.2993367523322092,0.24649356712071605,0.4125755185747625,0.4713663264189383,0.2280020023203011,0.24336432409863717,0.07360050121864586,88.01054018445323,2nd 0.2C discharge / same-cell RPT0
3,3. LOW C@ 25°C #3,LOW C@ 25°C #3,25.0,4,/content/drive/MyDrive/Battery raw data/RPT Data/3. LOW C@ 25°C #3/4.csv,M01Ch003[003],3,4,protocol_second_repeat,6,2,0.6,15869.5,2.631,1,protocol_second_repeat,11,2,3.0,3085.65,2.454,2,2.628,0.45502237237459964,OK,True,,0.010901146042212954,0.3128129093272899,0.2720842301292401,0.3100648260814833,0.25610254165874097,0.41797504490474297,0.47736934477408965,0.2362989942118725,0.24107035056221715,0.0727063733523767,86.56126482213439,2nd 0.2C discharge / same-cell RPT0
3,3. LOW C@ 25°C #3,LOW C@ 25°C #3,25.0,5,/content/drive/MyDrive/Battery raw data/RPT Data/3. LOW C@ 25°C #3/5.csv,M01Ch003[003],3,5,protocol_second_repeat,6,2,0.6,15687.9,2.6,1,protocol_second_repeat,11,2,3.0,3035.7,2.411,2,2.595,0.45970532179547696,OK,True,,0.01148405609349088,0.3186593235862203,0.2770363243610633,0.3175792107821719,0.2638889579143997,0.42099297376224704,0.4812566423186566,0.24299724243375387,0.23825939988490275,0.07130284804834784,85.47430830039526,2nd 0.2C discharge / same-cell RPT0
3,3. LOW C@ 25°C #3,LOW C@ 25°C #3,25.0,6,/content/drive/MyDrive/Battery raw data/RPT Data/3. LOW C@ 25°C #3/6.csv,M01Ch003[003],3,6,protocol_second_repeat,6,2,0.6,15329.45,2.5381,1,protocol_second_repeat,11,2,3.0,2945.95,2.3321,2,2.5335,0.4801220274646423,OK,True,,0.01292034023447033,0.33293390877009565,0.2891507013977643,0.3349074626349904,0.2838929386760861,0.4283517329749256,0.4906937914947118,0.2612219940604621,0.22947179743424972,0.06884822885509688,83.44861660079052,2nd 0.2C discharge / same-cell RPT0
3,3. LOW C@ 25°C #3,LOW C@ 25°C #3,25.0,7,/content/drive/MyDrive/Battery raw data/RPT Data/3. LOW C@ 25°C #3/7.csv,M01Ch003[003],3,7,protocol_second_repeat,6,2,0.6,15047.55,2.4896,1,protocol_second_repeat,11,2,3.0,2866.7,2.2595,2,2.4844,0.49332789972351065,OK,True,,0.014168755430690719,0.34277956838270246,0.2974140385250117,0.3476367644286694,0.2957874771548026,0.43471572962488186,0.49962901960756545,0.2735870643009388,0.22604195530662663,0.06801852085184054,81.83135704874836,2nd 0.2C discharge / same-cell RPT0
4,4. LOW C@ 25°C #4,LOW C@ 25°C #4,25.0,0,/content/drive/MyDrive/Battery raw data/RPT Data/4. LOW C@ 25°C #4/0.csv,M01Ch004[004],4,0,protocol_second_repeat,6,2,0.6,18295.95,3.041,2,protocol_second_repeat,11,2,3.0,3606.9,2.907,2,3.031,0.3959999999999999,OK,True,,0.00686785782942369,0.28410393910259923,0.23378143880166316,0.2763297369974215,0.2338134677965673,0.39781329397403775,0.4530788736316014,0.21944604065871864,0.23363283297288273,0.07430236993438512,100.0,2nd 0.2C discharge / same-cell RPT0
4,4. LOW C@ 25°C #4,LOW C@ 25°C #4,25.0,1,/content/drive/MyDrive/Battery raw data/RPT Data/4. LOW C@ 25°C #4/1.csv,M01Ch004[004],4,1,protocol_second_repeat,6,2,0.6,17009.85,2.825,1,protocol_second_repeat,11,2,3.0,3345.15,2.684,2,2.819,0.41400000000000015,OK,True,,0.008575656153270616,0.29116684192283765,0.24850348519892598,0.28079293512837267,0.2311355831146595,0.40975911653078934,0.4670426002515953,0.21550426699571856,0.2515383332558767,0.07731372874752866,93.0056087099967,2nd 0.2C discharge / same-cell RPT0
4,4. LOW C@ 25°C #4,LOW C@ 25°C #4,25.0,2,/content/drive/MyDrive/Battery raw data/RPT Data/4. LOW C@ 25°C #4/2.csv,M01Ch004[004],4,2,protocol_second_repeat,6,2,0.6,16369.9,2.717,1,protocol_second_repeat,11,2,3.0,3206.2,2.559,2,2.712,0.436827001654005,OK,True,,0.00984159381868128,0.30243725786369374,0.2611362173975218,0.2948612994636014,0.24280731073429737,0.41627485167913614,0.4746638628531077,0.22553328450693977,0.24913057834616792,0.07602024072835621,89.47542065324976,2nd 0.2C discharge / same-cell RPT0
4,4. LOW C@ 25°C #4,LOW C@ 25°C #4,25.0,3,/content/drive/MyDrive/Battery raw data/RPT Data/4. LOW C@ 25°C #4/3.csv,M01Ch004[004],4,3,protocol_second_repeat,6,2,0.6,16078.8,2.668,1,protocol_second_repeat,11,2,3.0,3147.2,2.512,2,2.663,0.43299999999999983,OK,True,,0.009950386277566904,0.29915367067666265,0.25900784982180597,0.2930094545854854,0.2394347598866903,0.4103862630983298,0.4697317225682509,0.2210544464391475,0.2486772761291034,0.07507438360003328,87.8587924777301,2nd 0.2C discharge / same-cell RPT0
4,4. LOW C@ 25°C #4,LOW C@ 25°C #4,25.0,4,/content/drive/MyDrive/Battery raw data/RPT Data/4. LOW C@ 25°C #4/4.csv,M01Ch004[004],4,4,protocol_second_repeat,6,2,0.6,15815.0,2.623,1,protocol_second_repeat,11,2,3.0,3087.15,2.459,2,2.62,0.43882695065386645,OK,True,,0.010487163600861512,0.3030526816814665,0.2620105935648545,0.29888875394622383,0.2444354528716754,0.4120150394795038,0.4723013114875636,0.22478584239601118,0.24751546909155242,0.0743821972333047,86.44011877268228,2nd 0.2C discharge / same-cell RPT0
4,4. LOW C@ 25°C #4,LOW C@ 25°C #4,25.0,5,/content/drive/MyDrive/Battery raw data/RPT Data/4. LOW C@ 25°C #4/5.csv,M01Ch004[004],4,5,protocol_second_repeat,6,2,0.6,15641.35,2.593,1,protocol_second_repeat,11,2,3.0,3037.5,2.413,2,2.588,0.45729295709707074,OK,True,,0.011503838944256968,0.3157630917011455,0.27252561097089717,0.3135998102152334,0.2597401187205085,0.42223097263920895,0.4809819699592057,0.24006261491427772,0.240919355044928,0.07321954162911791,85.38436159683272,2nd 0.2C discharge / same-cell RPT0
4,4. LOW C@ 25°C #4,LOW C@ 25°C #4,25.0,6,/content/drive/MyDrive/Battery raw data/RPT Data/4. LOW C@ 25°C #4/6.csv,M01Ch004[004],4,6,protocol_second_repeat,6,2,0.6,15306.5,2.5354,1,protocol_second_repeat,11,2,3.0,2957.9,2.3473,2,2.5313,0.4659928517451788,OK,True,,0.012189539060294137,0.3212318579483112,0.2769177833313461,0.3217576467088223,0.2689642952206508,0.4220970713211377,0.48274316836957243,0.24789283093797376,0.23485033743159867,0.07124328564797953,83.5136918508743,2nd 0.2C discharge / same-cell RPT0
4,4. LOW C@ 25°C #4,LOW C@ 25°C #4,25.0,7,/content/drive/MyDrive/Battery raw data/RPT Data/4. LOW C@ 25°C #4/7.csv,M01Ch004[004],4,7,protocol_second_repeat,6,2,0.6,15098.7,2.4998,1,protocol_second_repeat,11,2,3.0,2901.85,2.2915,2,2.4953,0.48171462130726006,OK,True,,0.013201335204016265,0.33078156428323396,0.28455034669797546,0.33063147262508263,0.2827802381690786,0.4298814552629505,0.4927484830197859,0.2607681305199041,0.2319803524998818,0.07052406268959736,82.32596502804354,2nd 0.2C discharge / same-cell RPT0
5,5. LOW C@ 25°C #5,LOW C@ 25°C #5,25.0,0,/content/drive/MyDrive/Battery raw data/RPT Data/5. LOW C@ 25°C #5/0.csv,M01Ch005[005],5,0,protocol_second_repeat,6,2,0.6,18354.3,3.05,2,protocol_second_repeat,11,2,3.0,3613.8,2.911,2,3.041,0.39895099369010234,OK,True,,0.006990224627166205,0.2878926527812548,0.23595526568221806,0.2825522648561114,0.23963002564475025,0.3986433202009095,0.45464901273321123,0.22308506993620458,0.23156394279700665,0.07338498687854467,100.0,2nd 0.2C discharge / same-cell RPT0
5,5. LOW C@ 25°C #5,LOW C@ 25°C #5,25.0,1,/content/drive/MyDrive/Battery raw data/RPT Data/5. LOW C@ 25°C #5/1.csv,M01Ch005[005],5,1,protocol_second_repeat,6,2,0.6,17029.8,2.828,1,protocol_second_repeat,11,2,3.0,3334.8,2.671,2,2.823,0.4261141691022403,OK,True,,0.008910090892945248,0.2965004770988279,0.25123956603777275,0.2876490168442703,0.23986187217733423,0.41267835889460763,0.46990657034184746,0.22425915637053695,0.2456474139713105,0.07638284728526554,92.8313054916146,2nd 0.2C discharge / same-cell RPT0
5,5. LOW C@ 25°C #5,LOW C@ 25°C #5,25.0,2,/content/drive/MyDrive/Battery raw data/RPT Data/5. LOW C@ 25°C #5/2.csv,M01Ch005[005],5,2,protocol_second_repeat,6,2,0.6,16378.85,2.718,1,protocol_second_repeat,11,2,3.0,3191.4,2.542,2,2.713,0.4540397768660642,OK,True,,0.0104566454150741,0.3104536939889539,0.2648357427883792,0.30458741239239684,0.25426500599096036,0.4234369323038786,0.4844206198819392,0.236240853612671,0.2481797662692682,0.07608864243986634,89.21407431765867,2nd 0.2C discharge / same-cell RPT0
5,5. LOW C@ 25°C #5,LOW C@ 25°C #5,25.0,3,/content/drive/MyDrive/Battery raw data/RPT Data/5. LOW C@ 25°C #5/3.csv,M01Ch005[005],5,3,protocol_second_repeat,6,2,0.6,15827.15,2.625,1,protocol_second_repeat,11,2,3.0,3070.35,2.444,2,2.619,0.4540000000000002,OK,True,,0.010979759864584356,0.30822684899315167,0.26343356958530345,0.30437248227195746,0.2519854148433864,0.4183122037018848,0.48035912076288234,0.23378435461537794,0.2465747661475044,0.07496810748248493,86.12298585991451,2nd 0.2C discharge / same-cell RPT0
5,5. LOW C@ 25°C #5,LOW C@ 25°C #5,25.0,4,/content/drive/MyDrive/Battery raw data/RPT Data/5. LOW C@ 25°C #5/4.csv,M01Ch005[005],5,4,protocol_second_repeat,6,2,0.6,15172.6,2.512,1,protocol_second_repeat,11,2,3.0,2883.6,2.275,2,2.505,0.506125659233329,OK,True,,0.01476735712697247,0.3462430105087594,0.2905916655934996,0.34513604534023257,0.3033455704682728,0.45086771107463947,0.5155023772296392,0.28185633246459263,0.23364604476504658,0.07324662466142452,82.37421900690562,2nd 0.2C discharge / same-cell RPT0
5,5. LOW C@ 25°C #5,LOW C@ 25°C #5,25.0,5,/content/drive/MyDrive/Battery raw data/RPT Data/5. LOW C@ 25°C #5/5.csv,M01Ch005[005],5,5,protocol_second_repeat,6,2,0.6,14687.95,2.429,1,protocol_second_repeat,11,2,3.0,2757.85,2.1693,2,2.4215,0.5138182537541491,OK,True,,0.015846814430201823,0.3503821649802934,0.28958795881380683,0.3502506167759134,0.31562397288796257,0.4508486644140957,0.5193623780238872,0.28382381625034603,0.23553856177354116,0.07235000947030962,79.62841170667544,2nd 0.2C discharge / same-cell RPT0
6,6. LOW C@ 25°C #6,LOW C@ 25°C #6,25.0,0,/content/drive/MyDrive/Battery raw data/RPT Data/6. LOW C@ 25°C #6/0.csv,M01Ch006[006],6,0,protocol_second_repeat,6,2,0.6,18205.75,3.025,2,protocol_second_repeat,11,2,3.0,3585.5,2.886,2,3.015,0.39800000000000013,OK,True,,0.007107752150759026,0.2836039592025504,0.2292932229690854,0.2756014808362743,0.23554512710612147,0.39939457725395056,0.4548228293578398,0.21549382450418197,0.23932900485365782,0.07573577656616151,100.0,2nd 0.2C discharge / same-cell RPT0
6,6. LOW C@ 25°C #6,LOW C@ 25°C #6,25.0,1,/content/drive/MyDrive/Battery raw data/RPT Data/6. LOW C@ 25°C #6/1.csv,M01Ch006[006],6,1,protocol_second_repeat,6,2,0.6,16827.6,2.794,1,protocol_second_repeat,11,2,3.0,3292.4,2.633,2,2.789,0.43199999999999994,OK,True,,0.009142257099514193,0.2961526158805642,0.2523595535475427,0.28737752283906176,0.2382406268047789,0.4120470788903699,0.47105759949568426,0.2226098164178234,0.24844778307786086,0.07664628597310537,92.50414593698176,2nd 0.2C discharge / same-cell RPT0
6,6. LOW C@ 25°C #6,LOW C@ 25°C #6,25.0,2,/content/drive/MyDrive/Battery raw data/RPT Data/6. LOW C@ 25°C #6/2.csv,M01Ch006[006],6,2,protocol_second_repeat,6,2,0.6,16195.6,2.687,1,protocol_second_repeat,11,2,3.0,3149.8,2.505,2,2.682,0.45676794217568295,OK,True,,0.010624706187503821,0.3087324988158976,0.2628006005351578,0.3018333444606597,0.253079005582339,0.42255503254947036,0.4842847504380212,0.23587625651248834,0.24840849392553288,0.07653200592961892,88.95522388059702,2nd 0.2C discharge / same-cell RPT0
6,6. LOW C@ 25°C #6,LOW C@ 25°C #6,25.0,3,/content/drive/MyDrive/Battery raw data/RPT Data/6. LOW C@ 25°C #6/3.csv,M01Ch006[006],6,3,protocol_second_repeat,6,2,0.6,15679.7,2.6,1,protocol_second_repeat,11,2,3.0,3031.45,2.407,2,2.594,0.46199999999999974,OK,True,,0.011433735876698404,0.3128116631473223,0.26650447600526883,0.309205252122402,0.25858653578330315,0.4221122448170533,0.4840533362024173,0.23992979956700622,0.2441235366354111,0.07467376574512147,86.03648424543945,2nd 0.2C discharge / same-cell RPT0
6,6. LOW C@ 25°C #6,LOW C@ 25°C #6,25.0,4,/content/drive/MyDrive/Battery raw data/RPT Data/6. LOW C@ 25°C #6/4.csv,M01Ch006[006],6,4,protocol_second_repeat,6,2,0.6,15222.05,2.522,1,protocol_second_repeat,11,2,3.0,2917.8,2.308,2,2.516,0.482514932187045,OK,True,,0.012909760117594577,0.3254765631118216,0.27519339555412076,0.32433684019557313,0.2760628034227957,0.4313407992464925,0.4948579666768722,0.25599967145392677,0.23885829522294544,0.0735199835550185,83.44941956882255,2nd 0.2C discharge / same-cell RPT0
6,6. LOW C@ 25°C #6,LOW C@ 25°C #6,25.0,5,/content/drive/MyDrive/Battery raw data/RPT Data/6. LOW C@ 25°C #6/5.csv,M01Ch006[006],6,5,protocol_second_repeat,6,2,0.6,14927.0,2.4708,1,protocol_second_repeat,11,2,3.0,2839.9,2.241,2,2.4652,0.4901232067247048,OK,True,,0.0137420631092337,0.3314562831781871,0.27815848017065403,0.33155561231369785,0.2873858193175124,0.4335899094117126,0.49898058026918823,0.26736061340401407,0.23161996686517416,0.07219495865219597,81.76451077943614,2nd 0.2C discharge / same-cell RPT0
6,6. LOW C@ 25°C #6,LOW C@ 25°C #6,25.0,6,/content/drive/MyDrive/Battery raw data/RPT Data/6. LOW C@ 25°C #6/6.csv,M01Ch006[006],6,6,protocol_second_repeat,6,2,0.6,14615.4,2.4171,1,protocol_second_repeat,11,2,3.0,2732.15,2.1435,2,2.4107,0.525077649616227,OK,True,,0.016684431582770127,0.3596277803173328,0.29831173625392726,0.36026805787683575,0.3257472102569635,0.4589199371793119,0.5283290855875864,0.29241957289208875,0.23590951269549765,0.07206359761113015,79.9568822553897,2nd 0.2C discharge / same-cell RPT0
7,7. LOW C@ 25°C #7,LOW C@ 25°C #7,25.0,0,/content/drive/MyDrive/Battery raw data/RPT Data/7. LOW C@ 25°C #7/0.csv,M01Ch007[007],7,0,protocol_second_repeat,6,2,0.6,18343.4,3.048,2,protocol_second_repeat,11,2,3.0,3612.4,2.906,2,3.038,0.403,OK,True,,0.007168051368099368,0.28986648779274743,0.23632390700013248,0.2833887553866184,0.24282492126583755,0.4022004898496074,0.45653563093380534,0.22186597273726916,0.23466965819653618,0.07404124949854794,100.0,2nd 0.2C discharge / same-cell RPT0
7,7. LOW C@ 25°C #7,LOW C@ 25°C #7,25.0,1,/content/drive/MyDrive/Battery raw data/RPT Data/7. LOW C@ 25°C #7/1.csv,M01Ch007[007],7,1,protocol_second_repeat,6,2,0.6,16987.25,2.82,1,protocol_second_repeat,11,2,3.0,3326.15,2.66,2,2.815,0.43199999999999994,OK,True,,0.008930880113500057,0.29525925392126784,0.25006792032522474,0.2860689171974891,0.23776508067169266,0.4126140104600875,0.4719477357158812,0.2219980836881481,0.24994965202773312,0.07733853939944817,92.65964450296248,2nd 0.2C discharge / same-cell RPT0
7,7. LOW C@ 25°C #7,LOW C@ 25°C #7,25.0,2,/content/drive/MyDrive/Battery raw data/RPT Data/7. LOW C@ 25°C #7/2.csv,M01Ch007[007],7,2,protocol_second_repeat,6,2,0.6,16303.65,2.705,1,protocol_second_repeat,11,2,3.0,3169.6,2.521,2,2.699,0.4585564785179761,OK,True,,0.010385763584508887,0.3084050723035419,0.26222230059718643,0.3031380878139107,0.25333777222467113,0.420182144086022,0.48232696657889473,0.2350541972514142,0.24727276932748055,0.0758662703711087,88.84134298880842,2nd 0.2C discharge / same-cell RPT0
7,7. LOW C@ 25°C #7,LOW C@ 25°C #7,25.0,3,/content/drive/MyDrive/Battery raw data/RPT Data/7. LOW C@ 25°C #7/3.csv,M01Ch007[007],7,3,protocol_second_repeat,6,2,0.6,15731.75,2.607,1,protocol_second_repeat,11,2,3.0,3032.65,2.402,2,2.602,0.47810093695453215,OK,True,,0.011960081258630267,0.32227701362477923,0.2733243568052661,0.32111511690943806,0.2714762203551977,0.42822360406049514,0.49266411901594465,0.2510712468214935,0.24159287219445114,0.07378951316698812,85.64845292955891,2nd 0.2C discharge / same-cell RPT0
7,7. LOW C@ 25°C #7,LOW C@ 25°C #7,25.0,4,/content/drive/MyDrive/Battery raw data/RPT Data/7. LOW C@ 25°C #7/4.csv,M01Ch007[007],7,4,protocol_second_repeat,6,2,0.6,15446.0,2.558,1,protocol_second_repeat,11,2,3.0,2962.65,2.342,2,2.553,0.48469266351943885,OK,True,,0.012623474893960923,0.32668023360311094,0.2754558036919421,0.32648089553616316,0.2794210911961564,0.4302947977815988,0.4963165188837142,0.2577305630942819,0.2385859557894323,0.07286718401032512,84.03554970375248,2nd 0.2C discharge / same-cell RPT0
7,7. LOW C@ 25°C #7,LOW C@ 25°C #7,25.0,5,/content/drive/MyDrive/Battery raw data/RPT Data/7. LOW C@ 25°C #7/5.csv,M01Ch007[007],7,5,protocol_second_repeat,6,2,0.6,15051.0,2.491,1,protocol_second_repeat,11,2,3.0,2844.3,2.237,2,2.483,0.5146326068036333,OK,True,,0.015160133621923692,0.3498463560966866,0.28905168788341373,0.3512269965795027,0.3126458066996892,0.4513089200865489,0.5194968620869329,0.2816136513440044,0.2378832107429285,0.0729783276924738,81.73140223831469,2nd 0.2C discharge / same-cell RPT0
8,8. LOW C@ 25°C #8,LOW C@ 25°C #8,25.0,0,/content/drive/MyDrive/Battery raw data/RPT Data/8. LOW C@ 25°C #8/0.csv,M01Ch008[008],8,0,protocol_second_repeat,6,2,0.6,18209.85,3.026,2,protocol_second_repeat,11,2,3.0,3582.65,2.878,2,3.015,0.42300000000000004,OK,True,,0.007698793109796551,0.29555346614263167,0.23902918252211391,0.2884354322788959,0.2489634214233815,0.4112084710330139,0.4668070820590713,0.2256023150936899,0.2412047669653814,0.0762378868615096,100.0,2nd 0.2C discharge / same-cell RPT0
8,8. LOW C@ 25°C #8,LOW C@ 25°C #8,25.0,1,/content/drive/MyDrive/Battery raw data/RPT Data/8. LOW C@ 25°C #8/1.csv,M01Ch008[008],8,1,protocol_second_repeat,6,2,0.6,16779.9,2.786,1,protocol_second_repeat,11,2,3.0,3283.9,2.627,2,2.781,0.4299999999999997,OK,True,,0.009168686033341018,0.29582318503223404,0.25182469725372636,0.2878543232436975,0.2387679015057292,0.41019733900810396,0.4684591811401684,0.22307141184753432,0.24538776929263406,0.07583670819948524,92.23880597014926,2nd 0.2C discharge / same-cell RPT0
8,8. LOW C@ 25°C #8,LOW C@ 25°C #8,25.0,2,/content/drive/MyDrive/Battery raw data/RPT Data/8. LOW C@ 25°C #8/2.csv,M01Ch008[008],8,2,protocol_second_repeat,6,2,0.6,16136.55,2.677,1,protocol_second_repeat,11,2,3.0,3137.75,2.497,2,2.672,0.45602237155764325,OK,True,,0.010583045610031311,0.30713557310897516,0.2623898967154935,0.3010898266438001,0.2519074950697745,0.41838047722091076,0.4785648881639548,0.23400418854922878,0.24456069961472604,0.07519319751452062,88.62354892205639,2nd 0.2C discharge / same-cell RPT0
8,8. LOW C@ 25°C #8,LOW C@ 25°C #8,25.0,3,/content/drive/MyDrive/Battery raw data/RPT Data/8. LOW C@ 25°C #8/3.csv,M01Ch008[008],8,3,protocol_second_repeat,6,2,0.6,15616.5,2.589,1,protocol_second_repeat,11,2,3.0,3021.8,2.4,2,2.584,0.45999999999999996,OK,True,,0.011503022882121955,0.31249677552346483,0.2681716022337473,0.3093215750153669,0.2584642412920741,0.4190666389477798,0.48008327282372276,0.2396499077836185,0.24043336504010426,0.07317008303851681,85.70480928689884,2nd 0.2C discharge / same-cell RPT0
8,8. LOW C@ 25°C #8,LOW C@ 25°C #8,25.0,4,/content/drive/MyDrive/Battery raw data/RPT Data/8. LOW C@ 25°C #8/4.csv,M01Ch008[008],8,4,protocol_second_repeat,6,2,0.6,15053.35,2.493,1,protocol_second_repeat,11,2,3.0,2869.85,2.268,2,2.487,0.48712594907086104,OK,True,,0.013668602858643311,0.3319897811333595,0.28029985169873384,0.331164276979845,0.28648077477710826,0.4349051242730515,0.49789078805038356,0.2668626071847109,0.23102818086567267,0.07196849990142219,82.48756218905473,2nd 0.2C discharge / same-cell RPT0
8,8. LOW C@ 25°C #8,LOW C@ 25°C #8,25.0,5,/content/drive/MyDrive/Battery raw data/RPT Data/8. LOW C@ 25°C #8/5.csv,M01Ch008[008],8,5,protocol_second_repeat,6,2,0.6,14674.4,2.428,1,protocol_second_repeat,11,2,3.0,2761.8,2.174,2,2.4215,0.5058907554277932,OK,True,,0.015254490835090322,0.34279747681286943,0.2854984780889366,0.34213252830915925,0.3049038319896238,0.4434396366100063,0.5105555581010524,0.2814140683754902,0.22914148972556214,0.07181531745616948,80.3150912106136,2nd 0.2C discharge / same-cell RPT0
9,9. HIGH C@ 25°C #1,HIGH C@ 25°C #1,25.0,0,/content/drive/MyDrive/Battery raw data/RPT Data/9. HIGH C@ 25°C #1/0.csv,M01Ch009[009],9,0,protocol_second_repeat,6,2,0.6,18277.3,3.037,2,protocol_second_repeat,11,2,3.0,3596.6,2.891,2,3.028,0.4119999999999999,OK,True,,0.007485584714386111,0.2967076522080698,0.24501525198620333,0.29024428882881326,0.2468815040455218,0.41000786751768387,0.46590951060181185,0.22947671944944714,0.2364327911523647,0.07464537273672853,100.0,2nd 0.2C discharge / same-cell RPT0
9,9. HIGH C@ 25°C #1,HIGH C@ 25°C #1,25.0,1,/content/drive/MyDrive/Battery raw data/RPT Data/9. HIGH C@ 25°C #1/1.csv,M01Ch009[009],9,1,protocol_second_repeat,6,2,0.6,16947.35,2.815,1,protocol_second_repeat,11,2,3.0,3319.8,2.651,2,2.808,0.44182700134940367,OK,True,,0.009398535904747533,0.3010248991424385,0.25467176026868277,0.29133856175054085,0.24170158004488235,0.42203475505640975,0.48141140193072207,0.22551592580182866,0.2558954761288934,0.07954170652977834,92.7344782034346,2nd 0.2C discharge / same-cell RPT0
9,9. HIGH C@ 25°C #1,HIGH C@ 25°C #1,25.0,2,/content/drive/MyDrive/Battery raw data/RPT Data/9. HIGH C@ 25°C #1/2.csv,M01Ch009[009],9,2,protocol_second_repeat,6,2,0.6,16165.3,2.683,1,protocol_second_repeat,11,2,3.0,3157.8,2.509,2,2.678,0.4588407893710498,OK,True,,0.010791769242992934,0.30911622095802643,0.26130670515102966,0.3022579289456759,0.24927246663405211,0.4292676325583596,0.4900952723547092,0.23205724759277846,0.2580380247619307,0.08003085620028431,88.44121532364598,2nd 0.2C discharge / same-cell RPT0
9,9. HIGH C@ 25°C #1,HIGH C@ 25°C #1,25.0,3,/content/drive/MyDrive/Battery raw data/RPT Data/9. HIGH C@ 25°C #1/3.csv,M01Ch009[009],9,3,protocol_second_repeat,6,2,0.6,15561.75,2.581,1,protocol_second_repeat,11,2,3.0,3021.25,2.388,2,2.578,0.48299999999999965,OK,True,,0.012551239944094243,0.3233355004295084,0.27230914425410874,0.31871653967941965,0.26615027050256324,0.4417498376151876,0.5032960817083936,0.24745303400102214,0.25584304770737143,0.0796677149463382,85.13870541611624,2nd 0.2C discharge / same-cell RPT0
9,9. HIGH C@ 25°C #1,HIGH C@ 25°C #1,25.0,4,/content/drive/MyDrive/Battery raw data/RPT Data/9. HIGH C@ 25°C #1/4.csv,M01Ch009[009],9,4,protocol_second_repeat,6,2,0.6,15006.35,2.4872,1,protocol_second_repeat,11,2,3.0,2869.65,2.2561,2,2.4836,0.5164818033748217,OK,True,,0.015187349763668253,0.34522476598984214,0.2850061903227055,0.3410018252426771,0.2957571085345326,0.4647766117935942,0.5276706555521151,0.2719489519730741,0.255721703579041,0.08080129672392668,82.02113606340819,2nd 0.2C discharge / same-cell RPT0
9,9. HIGH C@ 25°C #1,HIGH C@ 25°C #1,25.0,5,/content/drive/MyDrive/Battery raw data/RPT Data/9. HIGH C@ 25°C #1/5.csv,M01Ch009[009],9,5,protocol_second_repeat,6,2,0.6,14485.85,2.3988,1,protocol_second_repeat,11,2,3.0,2715.3,2.1224,2,2.3947,0.5531963712064705,OK,True,,0.01832368851718269,0.3716711536101483,0.30122811357942547,0.36583446562840455,0.33264998613862545,0.49266413526856556,0.5586426090210266,0.2874442163480708,0.27119839267295576,0.08230492219905708,79.08520475561426,2nd 0.2C discharge / same-cell RPT0
10,10. HIGH C@ 25°C #2,HIGH C@ 25°C #2,25.0,0,/content/drive/MyDrive/Battery raw data/RPT Data/10. HIGH C@ 25°C #2/0.csv,M01Ch010[010],10,0,protocol_second_repeat,6,2,0.6,18242.7,3.032,2,protocol_second_repeat,11,2,3.0,3587.25,2.881,2,3.021,0.4176414196441196,OK,True,,0.007454628683873695,0.29433774173405935,0.23918903469377545,0.2859454998635574,0.24705469376911676,0.4105980354301929,0.46382233418040375,0.23047088127710036,0.2333514529033034,0.07578362550161111,100.0,2nd 0.2C discharge / same-cell RPT0
10,10. HIGH C@ 25°C #2,HIGH C@ 25°C #2,25.0,1,/content/drive/MyDrive/Battery raw data/RPT Data/10. HIGH C@ 25°C #2/1.csv,M01Ch010[010],10,1,protocol_second_repeat,6,2,0.6,17010.25,2.825,1,protocol_second_repeat,11,2,3.0,3324.6,2.655,2,2.818,0.44302969268486647,OK,True,,0.00910510409010159,0.30107228183007,0.2535693567420643,0.29287077942193235,0.24326956903020266,0.4201522603607793,0.48118937776558734,0.228001891652577,0.25318748611301034,0.07868460552543723,93.28037073816617,2nd 0.2C discharge / same-cell RPT0
10,10. HIGH C@ 25°C #2,HIGH C@ 25°C #2,25.0,2,/content/drive/MyDrive/Battery raw data/RPT Data/10. HIGH C@ 25°C #2/2.csv,M01Ch010[010],10,2,protocol_second_repeat,6,2,0.6,16226.05,2.692,1,protocol_second_repeat,11,2,3.0,3148.8,2.502,2,2.687,0.46799999999999997,OK,True,,0.010847116131699941,0.31562050442955575,0.2654393680453663,0.3099051305938933,0.2589893492167699,0.4337031109608798,0.4953445089597093,0.2419631454787119,0.2533813634809974,0.07901916749866716,88.94405825885468,2nd 0.2C discharge / same-cell RPT0
10,10. HIGH C@ 25°C #2,HIGH C@ 25°C #2,25.0,3,/content/drive/MyDrive/Battery raw data/RPT Data/10. HIGH C@ 25°C #2/3.csv,M01Ch010[010],10,3,protocol_second_repeat,6,2,0.6,15475.55,2.565,1,protocol_second_repeat,11,2,3.0,2941.85,2.324,2,2.561,0.5159422112572116,OK,True,,0.014187236005791809,0.34813989014049895,0.28720156371264405,0.3429821499151711,0.3005296765256554,0.4674670126691101,0.5300395197526957,0.2746035107537218,0.2554360089989739,0.08008177606252041,84.77325388944058,2nd 0.2C discharge / same-cell RPT0
10,10. HIGH C@ 25°C #2,HIGH C@ 25°C #2,25.0,4,/content/drive/MyDrive/Battery raw data/RPT Data/10. HIGH C@ 25°C #2/4.csv,M01Ch010[010],10,4,protocol_second_repeat,6,2,0.6,14325.55,2.37,1,protocol_second_repeat,11,2,3.0,2597.75,2.0314,2,2.3699,0.595941360501814,OK,True,,0.021554455002903563,0.4043903843176306,0.3202518909883238,0.39371209408370494,0.3768002496887344,0.5327841697914414,0.5998393411506917,0.30517549044371517,0.29466385070697654,0.08671079105468255,78.44753392916253,2nd 0.2C discharge / same-cell RPT0
11,11. HIGH C@ 25°C #3,HIGH C@ 25°C #3,25.0,0,/content/drive/MyDrive/Battery raw data/RPT Data/11. HIGH C@ 25°C #3/0.csv,M01Ch011[011],11,0,protocol_second_repeat,6,2,0.6,18297.6,3.041,2,protocol_second_repeat,11,2,3.0,3601.1,2.895,2,3.031,0.41500000000000004,OK,True,,0.007399459009304728,0.29209753265458116,0.23620383048362634,0.28372396214565004,0.24379968654426656,0.41018623775293006,0.46603473710435406,0.22360726996055824,0.24242746714379582,0.07694554482704441,100.0,2nd 0.2C discharge / same-cell RPT0
11,11. HIGH C@ 25°C #3,HIGH C@ 25°C #3,25.0,1,/content/drive/MyDrive/Battery raw data/RPT Data/11. HIGH C@ 25°C #3/1.csv,M01Ch011[011],11,1,protocol_second_repeat,6,2,0.6,16980.5,2.82,1,protocol_second_repeat,11,2,3.0,3322.15,2.652,2,2.813,0.4438270016540047,OK,True,,0.009248374111021305,0.29964924783640623,0.25211162637530016,0.2909698829929575,0.24124901766235626,0.41988883307839797,0.4809077245542728,0.22603597172355627,0.2548717528307165,0.07966504946126737,92.80765423952491,2nd 0.2C discharge / same-cell RPT0
11,11. HIGH C@ 25°C #3,HIGH C@ 25°C #3,25.0,2,/content/drive/MyDrive/Battery raw data/RPT Data/11. HIGH C@ 25°C #3/2.csv,M01Ch011[011],11,2,protocol_second_repeat,6,2,0.6,16187.6,2.686,1,protocol_second_repeat,11,2,3.0,3151.75,2.505,2,2.681,0.46099999999999985,OK,True,,0.010533278906371816,0.3068554061477525,0.2591006367406606,0.3005984519546388,0.24860688508290524,0.42465045111864413,0.48772302922457067,0.23178112420596708,0.2559419050186036,0.07913020276195509,88.45265588914549,2nd 0.2C discharge / same-cell RPT0
11,11. HIGH C@ 25°C #3,HIGH C@ 25°C #3,25.0,3,/content/drive/MyDrive/Battery raw data/RPT Data/11. HIGH C@ 25°C #3/3.csv,M01Ch011[011],11,3,protocol_second_repeat,6,2,0.6,15524.5,2.574,1,protocol_second_repeat,11,2,3.0,2987.85,2.363,2,2.57,0.4870000000000001,OK,True,,0.012569914781450442,0.3252593172356769,0.27179985804763673,0.32148607298966975,0.2722520292578694,0.4409641426650496,0.5044921972813641,0.2536055500457286,0.2508866472356355,0.07849431257009362,84.79049818541733,2nd 0.2C discharge / same-cell RPT0
11,11. HIGH C@ 25°C #3,HIGH C@ 25°C #3,25.0,4,/content/drive/MyDrive/Battery raw data/RPT Data/11. HIGH C@ 25°C #3/4.csv,M01Ch011[011],11,4,protocol_second_repeat,6,2,0.6,14541.65,2.4064,1,protocol_second_repeat,11,2,3.0,2664.9,2.0868,2,2.4029,0.5814037155850895,OK,True,,0.020304517137534672,0.39178738139567715,0.3125706399714542,0.3834347593584076,0.35959686017357295,0.5174308525379878,0.585721450449743,0.29774021245502835,0.28798123799471465,0.0852207422635091,79.27746618277796,2nd 0.2C discharge / same-cell RPT0
12,12. HIGH C@ 25°C #4,HIGH C@ 25°C #4,25.0,0,/content/drive/MyDrive/Battery raw data/RPT Data/12. HIGH C@ 25°C #4/0.csv,M01Ch012[012],12,0,protocol_second_repeat,6,2,0.6,18272.0,3.036,2,protocol_second_repeat,11,2,3.0,3599.05,2.895,2,3.027,0.4099999999999997,OK,True,,0.007244605234678397,0.29155427562026026,0.2394637988034545,0.2837902378994645,0.24273199413204008,0.4055678609758632,0.4611075224493746,0.22706303593682486,0.23404448651254972,0.0748408809499115,100.0,2nd 0.2C discharge / same-cell RPT0
12,12. HIGH C@ 25°C #4,HIGH C@ 25°C #4,25.0,1,/content/drive/MyDrive/Battery raw data/RPT Data/12. HIGH C@ 25°C #4/1.csv,M01Ch012[012],12,1,protocol_second_repeat,6,2,0.6,16956.0,2.816,1,protocol_second_repeat,11,2,3.0,3326.75,2.654,2,2.809,0.44599999999999973,OK,True,,0.009554234317933336,0.3054577336698485,0.25981874594071225,0.29806178313855614,0.24561821717523957,0.42388346178099673,0.4849946255929929,0.2290025604490804,0.2559920651439125,0.07895688074995899,92.79814998348199,2nd 0.2C discharge / same-cell RPT0
12,12. HIGH C@ 25°C #4,HIGH C@ 25°C #4,25.0,2,/content/drive/MyDrive/Battery raw data/RPT Data/12. HIGH C@ 25°C #4/2.csv,M01Ch012[012],12,2,protocol_second_repeat,6,2,0.6,16186.2,2.687,1,protocol_second_repeat,11,2,3.0,3164.5,2.51,2,2.681,0.46957451510761183,OK,True,,0.011178160585864013,0.3158084522350043,0.2684308998975299,0.31056064648588055,0.2566274724417752,0.4331395094369591,0.49626308902293736,0.23804112348663553,0.25822196553630183,0.07929979617620393,88.56954079947143,2nd 0.2C discharge / same-cell RPT0
12,12. HIGH C@ 25°C #4,HIGH C@ 25°C #4,25.0,3,/content/drive/MyDrive/Battery raw data/RPT Data/12. HIGH C@ 25°C #4/3.csv,M01Ch012[012],12,3,protocol_second_repeat,6,2,0.6,15585.95,2.585,1,protocol_second_repeat,11,2,3.0,3029.2,2.393,2,2.581,0.4849999999999999,OK,True,,0.012615047621768426,0.32563510956368114,0.2755248748811441,0.32242883737068984,0.2687917790339222,0.44126286043682034,0.5041168433578194,0.24950952241068713,0.25460732094713223,0.07874946477731085,85.26593987446316,2nd 0.2C discharge / same-cell RPT0
12,12. HIGH C@ 25°C #4,HIGH C@ 25°C #4,25.0,4,/content/drive/MyDrive/Battery raw data/RPT Data/12. HIGH C@ 25°C #4/4.csv,M01Ch012[012],12,4,protocol_second_repeat,6,2,0.6,15059.3,2.4959,1,protocol_second_repeat,11,2,3.0,2897.35,2.2783,2,2.4918,0.5062188894502815,OK,True,,0.01444527200742045,0.33919117943005733,0.28349507759251197,0.33752900740860836,0.2883543368240836,0.4527752745680057,0.5176380181798121,0.26765489956390254,0.2499831186159096,0.07841509793024558,82.3191278493558,2nd 0.2C discharge / same-cell RPT0
12,12. HIGH C@ 25°C #4,HIGH C@ 25°C #4,25.0,5,/content/drive/MyDrive/Battery raw data/RPT Data/12. HIGH C@ 25°C #4/5.csv,M01Ch012[012],12,5,protocol_second_repeat,6,2,0.6,14668.1,2.4294,1,protocol_second_repeat,11,2,3.0,2791.0,2.1867,2,2.4252,0.5228846482236156,OK,True,,0.015934776891799975,0.3511186845777645,0.29045865757839584,0.3494103541702546,0.3062775861024983,0.46366725912392265,0.5297769424651091,0.27781980749854185,0.25195713496656724,0.07818006982253155,80.11892963330028,2nd 0.2C discharge / same-cell RPT0
13,13. 1V@ 25°C #1,1V@ 25°C #1,25.0,0,/content/drive/MyDrive/Battery raw data/RPT Data/13. 1V@ 25°C #1/0.csv,M01Ch021[021],21,0,protocol_second_repeat,6,2,0.6,18234.15,3.03,2,protocol_second_repeat,11,2,3.0,3589.95,2.889,2,3.02,0.4068392845824147,OK,False,folder cell id != channel number,0.007179558179284094,0.28800958104045243,0.23439464214840328,0.27895628162657504,0.23950703344978944,0.4046257399891979,0.45953241914704446,0.22413414626695083,0.23539827288009363,0.07578357953323372,100.0,2nd 0.2C discharge / same-cell RPT0
13,13. 1V@ 25°C #1,1V@ 25°C #1,25.0,1,/content/drive/MyDrive/Battery raw data/RPT Data/13. 1V@ 25°C #1/1.csv,M01Ch021[021],21,1,protocol_second_repeat,6,2,0.6,17149.35,2.848,2,protocol_second_repeat,11,2,3.0,3353.25,2.683,2,2.837,0.4390292363339059,OK,False,folder cell id != channel number,0.009220846928701069,0.30478886046247655,0.2575333299520895,0.2942284094942646,0.2486375823826376,0.4243224773617338,0.4825721107967138,0.23263746645339678,0.24993464434331703,0.07786403230832799,93.9403973509934,2nd 0.2C discharge / same-cell RPT0
13,13. 1V@ 25°C #1,1V@ 25°C #1,25.0,2,/content/drive/MyDrive/Battery raw data/RPT Data/13. 1V@ 25°C #1/2.csv,M01Ch021[021],21,2,protocol_second_repeat,6,2,0.6,16285.45,2.702,2,protocol_second_repeat,11,2,3.0,3163.15,2.519,2,2.693,0.45999999999999996,OK,False,folder cell id != channel number,0.010660261141999666,0.31368822406979036,0.2661896961089254,0.3062614313852897,0.2579112895985107,0.4298327570337118,0.4894590811463435,0.24129746016108555,0.24816162098525796,0.07709913162884961,89.17218543046359,2nd 0.2C discharge / same-cell RPT0
13,13. 1V@ 25°C #1,1V@ 25°C #1,25.0,3,/content/drive/MyDrive/Battery raw data/RPT Data/13. 1V@ 25°C #1/3.csv,M01Ch021[021],21,3,protocol_second_repeat,6,2,0.6,15327.05,2.539,2,protocol_second_repeat,11,2,3.0,2912.25,2.3,2,2.527,0.5060000000000002,OK,False,folder cell id != channel number,0.014324280244421698,0.3470141500796734,0.28891769542708085,0.34358017583583533,0.3025140235217344,0.45830330862871344,0.5210075346286769,0.28002747355052904,0.24098006107814784,0.07599853876121541,83.67549668874173,2nd 0.2C discharge / same-cell RPT0
13,13. 1V@ 25°C #1,1V@ 25°C #1,25.0,4,/content/drive/MyDrive/Battery raw data/RPT Data/13. 1V@ 25°C #1/4.csv,M01Ch021[021],21,4,protocol_second_repeat,6,2,0.6,14533.75,2.404,2,protocol_second_repeat,11,2,3.0,2686.6,2.103,2,2.389,0.550715376171321,OK,False,folder cell id != channel number,0.018975114058415173,0.3803307173147663,0.3101479267169555,0.37674197594105496,0.35234142533067314,0.487134723200991,0.5574027191581914,0.3027539585160771,0.2546487606421143,0.07619484876459091,79.10596026490066,2nd 0.2C discharge / same-cell RPT0
14,14. 1V@ 25°C #2,1V@ 25°C #2,25.0,0,/content/drive/MyDrive/Battery raw data/RPT Data/14. 1V@ 25°C #2/0.csv,M01Ch022[022],22,0,protocol_second_repeat,6,2,0.6,18329.95,3.046,2,protocol_second_repeat,11,2,3.0,3613.2,2.909,2,3.036,0.403,OK,False,folder cell id != channel number,0.00720066534763758,0.2888616122218782,0.23763951439909695,0.28084809064543964,0.2380493719770768,0.4043116958283951,0.4602218307350401,0.22275139686075018,0.2374704338742899,0.07529704626196396,100.0,2nd 0.2C discharge / same-cell RPT0
14,14. 1V@ 25°C #2,1V@ 25°C #2,25.0,1,/content/drive/MyDrive/Battery raw data/RPT Data/14. 1V@ 25°C #2/1.csv,M01Ch022[022],22,1,protocol_second_repeat,6,2,0.6,17113.3,2.843,2,protocol_second_repeat,11,2,3.0,3354.7,2.685,2,2.831,0.43800000000000017,OK,False,folder cell id != channel number,0.009544160384077476,0.3046795685289536,0.25871891968073285,0.29313148246734516,0.2465984646960995,0.4259045481330011,0.4823862548423863,0.23045533767746607,0.2519309171649202,0.07866561199353993,93.24769433465086,2nd 0.2C discharge / same-cell RPT0
14,14. 1V@ 25°C #2,1V@ 25°C #2,25.0,2,/content/drive/MyDrive/Battery raw data/RPT Data/14. 1V@ 25°C #2/2.csv,M01Ch022[022],22,2,protocol_second_repeat,6,2,0.6,16259.9,2.699,2,protocol_second_repeat,11,2,3.0,3172.5,2.524,2,2.689,0.46341925011012464,OK,False,folder cell id != channel number,0.011254114518957557,0.31588533349157244,0.2703659447427703,0.30655805786025814,0.2571544578953533,0.43502515952133336,0.4944383130973793,0.23999964225879733,0.25443867083858196,0.0785687423978172,88.57048748353095,2nd 0.2C discharge / same-cell RPT0
14,14. 1V@ 25°C #2,1V@ 25°C #2,25.0,3,/content/drive/MyDrive/Battery raw data/RPT Data/14. 1V@ 25°C #2/3.csv,M01Ch022[022],22,3,protocol_second_repeat,6,2,0.6,15448.1,2.562,2,protocol_second_repeat,11,2,3.0,2982.5,2.361,2,2.551,0.4830000000000001,OK,False,folder cell id != channel number,0.013179075583034352,0.3288497057344596,0.27961400242103285,0.3230046341362968,0.2738820618910176,0.4443274820322657,0.5047084411682765,0.2556271046841263,0.2490813364841502,0.07749854440343192,84.02503293807642,2nd 0.2C discharge / same-cell RPT0
14,14. 1V@ 25°C #2,1V@ 25°C #2,25.0,4,/content/drive/MyDrive/Battery raw data/RPT Data/14. 1V@ 25°C #2/4.csv,M01Ch022[022],22,4,protocol_second_repeat,6,2,0.6,14732.5,2.44,2,protocol_second_repeat,11,2,3.0,2796.5,2.194,2,2.427,0.5255132714696109,OK,False,folder cell id != channel number,0.016912878425747263,0.3584694674090553,0.297592383611205,0.35419671202755637,0.3154388282664963,0.47200556020479,0.5360129757973124,0.28524081968335124,0.2507721561139612,0.07784255042127453,79.9407114624506,2nd 0.2C discharge / same-cell RPT0
15,15. 1V@ 25°C #3,1V@ 25°C #3,25.0,0,/content/drive/MyDrive/Battery raw data/RPT Data/15. 1V@ 25°C #3/0.csv,M01Ch023[023],23,0,protocol_second_repeat,6,2,0.6,18370.05,3.053,2,protocol_second_repeat,11,2,3.0,3614.35,2.909,2,3.043,0.4079999999999999,OK,False,folder cell id != channel number,0.007316225136914783,0.2910241699665267,0.23614799144383256,0.2844405881220761,0.2434857557432651,0.4053899585133978,0.46116608099211476,0.2226055835273728,0.23856049746474195,0.07513937969423355,100.0,2nd 0.2C discharge / same-cell RPT0
15,15. 1V@ 25°C #3,1V@ 25°C #3,25.0,1,/content/drive/MyDrive/Battery raw data/RPT Data/15. 1V@ 25°C #3/1.csv,M01Ch023[023],23,1,protocol_second_repeat,6,2,0.6,17159.55,2.85,2,protocol_second_repeat,11,2,3.0,3354.55,2.679,2,2.838,0.45100000000000007,OK,False,folder cell id != channel number,0.009952388218864893,0.31138247693970483,0.26315962430544043,0.30126017051254156,0.2555452896873269,0.43114741173886106,0.4901922544594508,0.23924545225285154,0.25094680220659926,0.07865838583351631,93.26322707854091,2nd 0.2C discharge / same-cell RPT0
15,15. 1V@ 25°C #3,1V@ 25°C #3,25.0,2,/content/drive/MyDrive/Battery raw data/RPT Data/15. 1V@ 25°C #3/2.csv,M01Ch023[023],23,2,protocol_second_repeat,6,2,0.6,16264.15,2.699,2,protocol_second_repeat,11,2,3.0,3159.2,2.512,2,2.689,0.4693059612887369,OK,False,folder cell id != channel number,0.011270391755339856,0.31604786933335033,0.2690304450414585,0.3078250382374261,0.2601982510896523,0.4325894512577409,0.49457835151829777,0.24276020234066698,0.2518181491776308,0.07783893553526477,88.36674334538284,2nd 0.2C discharge / same-cell RPT0
15,15. 1V@ 25°C #3,1V@ 25°C #3,25.0,3,/content/drive/MyDrive/Battery raw data/RPT Data/15. 1V@ 25°C #3/3.csv,M01Ch023[023],23,3,protocol_second_repeat,6,2,0.6,15341.15,2.542,2,protocol_second_repeat,11,2,3.0,2918.25,2.299,2,2.529,0.5169999999999999,OK,False,folder cell id != channel number,0.015244778901386992,0.3523005655482775,0.2945875418910121,0.3486982120535543,0.30801950769587394,0.46313179288420525,0.52796731712261,0.28542240531695995,0.24254491180565008,0.07639268947052098,83.10877423595136,2nd 0.2C discharge / same-cell RPT0
15,15. 1V@ 25°C #3,1V@ 25°C #3,25.0,4,/content/drive/MyDrive/Battery raw data/RPT Data/15. 1V@ 25°C #3/4.csv,M01Ch023[023],23,4,protocol_second_repeat,6,2,0.6,14623.95,2.419,2,protocol_second_repeat,11,2,3.0,2704.6,2.114,2,2.405,0.562,OK,False,folder cell id != channel number,0.020168987892006194,0.38809281687903163,0.317456925231119,0.3851845185276287,0.3600878790482575,0.4946830473712332,0.5669607202535765,0.31050822080225227,0.2564524994513242,0.07673677052094656,79.03384817614196,2nd 0.2C discharge / same-cell RPT0
16,16. 1V@ 25°C #4,1V@ 25°C #4,25.0,0,/content/drive/MyDrive/Battery raw data/RPT Data/16. 1V@ 25°C #4/0.csv,M01Ch024[024],24,0,protocol_second_repeat,6,2,0.6,18348.2,3.049,2,protocol_second_repeat,11,2,3.0,3607.55,2.897,2,3.039,0.4219999999999997,OK,False,folder cell id != channel number,0.007587899707638158,0.297443456114718,0.2403773216987027,0.29061550848600237,0.2517601948118621,0.41241431728432537,0.4684560229581365,0.22751448717522726,0.24094153578290922,0.07560398635844436,100.0,2nd 0.2C discharge / same-cell RPT0
16,16. 1V@ 25°C #4,1V@ 25°C #4,25.0,1,/content/drive/MyDrive/Battery raw data/RPT Data/16. 1V@ 25°C #4/1.csv,M01Ch024[024],24,1,protocol_second_repeat,6,2,0.6,17158.1,2.849,2,protocol_second_repeat,11,2,3.0,3351.45,2.674,2,2.838,0.4576396094324129,OK,False,folder cell id != channel number,0.010056180799458208,0.3129612734809217,0.26383227269838433,0.30320832413404974,0.257772808130808,0.43261329786758473,0.49184882464377644,0.24147939929548867,0.25036942534828777,0.0788098103791955,93.38598223099703,2nd 0.2C discharge / same-cell RPT0
16,16. 1V@ 25°C #4,1V@ 25°C #4,25.0,2,/content/drive/MyDrive/Battery raw data/RPT Data/16. 1V@ 25°C #4/2.csv,M01Ch024[024],24,2,protocol_second_repeat,6,2,0.6,16277.45,2.701,2,protocol_second_repeat,11,2,3.0,3153.65,2.498,2,2.691,0.48842910592827593,OK,False,folder cell id != channel number,0.01214076819491138,0.32788582261303995,0.27673406453027805,0.32038572093111545,0.2750162941670191,0.4448895289632585,0.5073721341044144,0.25733123455319773,0.25004089955121667,0.07864772033105638,88.54886475814412,2nd 0.2C discharge / same-cell RPT0
16,16. 1V@ 25°C #4,1V@ 25°C #4,25.0,3,/content/drive/MyDrive/Battery raw data/RPT Data/16. 1V@ 25°C #4/3.csv,M01Ch024[024],24,3,protocol_second_repeat,6,2,0.6,15323.4,2.538,2,protocol_second_repeat,11,2,3.0,2896.05,2.278,2,2.525,0.5299999999999998,OK,False,folder cell id != channel number,0.015964216773265393,0.359751000761188,0.2981813718703675,0.35628788550616663,0.318989640864964,0.47079152106466937,0.538185395914301,0.2904727157809899,0.24771268013331116,0.07705538122692214,83.08654162553471,2nd 0.2C discharge / same-cell RPT0
16,16. 1V@ 25°C #4,1V@ 25°C #4,25.0,4,/content/drive/MyDrive/Battery raw data/RPT Data/16. 1V@ 25°C #4/4.csv,M01Ch024[024],24,4,protocol_second_repeat,6,2,0.6,14556.2,2.407,1,protocol_second_repeat,11,2,3.0,2652.85,2.073,2,2.392,0.5769728923618413,OK,False,folder cell id != channel number,0.021439080083609553,0.39752976152032465,0.32209987073918567,0.39422621443462963,0.3755019856244959,0.5032877416325492,0.5788017055208865,0.3154485809154137,0.2633531246054728,0.0774718474092613,78.71010200723921,2nd 0.2C discharge / same-cell RPT0
17,17. 4.35V@ 25°C #1,4.35V@ 25°C #1,25.0,0,/content/drive/MyDrive/Battery raw data/RPT Data/17. 4.35V@ 25°C #1/0.csv,M01Ch013[013],13,0,protocol_second_repeat,6,2,0.6,18309.15,3.043,2,protocol_second_repeat,11,2,3.0,3607.8,2.905,2,3.033,0.4030397150192577,OK,False,folder cell id != channel number,0.007247810384940036,0.28942303907292594,0.23722515635312308,0.2815696057526525,0.23953546451597768,0.4047607062832982,0.4594778549675249,0.22310398012478228,0.23637387484274264,0.07522250353557956,100.0,2nd 0.2C discharge / same-cell RPT0
17,17. 4.35V@ 25°C #1,4.35V@ 25°C #1,25.0,1,/content/drive/MyDrive/Battery raw data/RPT Data/17. 4.35V@ 25°C #1/1.csv,M01Ch013[013],13,1,protocol_second_repeat,6,2,0.6,17118.25,2.844,1,protocol_second_repeat,11,2,3.0,3364.05,2.699,2,2.836,0.42111646155901683,OK,False,folder cell id != channel number,0.009244387762736903,0.300039593601468,0.25561923219675103,0.2848174442301655,0.23868936136083474,0.4268916969018119,0.48205134708901687,0.2230244994754309,0.25902684761358596,0.08073507787141948,93.50478074513683,2nd 0.2C discharge / same-cell RPT0
17,17. 4.35V@ 25°C #1,4.35V@ 25°C #1,25.0,2,/content/drive/MyDrive/Battery raw data/RPT Data/17. 4.35V@ 25°C #1/2.csv,M01Ch013[013],13,2,protocol_second_repeat,6,2,0.6,16429.55,2.728,1,protocol_second_repeat,11,2,3.0,3214.5,2.566,2,2.722,0.44799999999999995,OK,False,folder cell id != channel number,0.010722537880867166,0.312872292873742,0.2689112199055308,0.30044557654160603,0.2512024611236186,0.4366774610225844,0.4928767053911023,0.23394705387552528,0.258929651515577,0.08020572695384008,89.74612594790636,2nd 0.2C discharge / same-cell RPT0
17,17. 4.35V@ 25°C #1,4.35V@ 25°C #1,25.0,3,/content/drive/MyDrive/Battery raw data/RPT Data/17. 4.35V@ 25°C #1/3.csv,M01Ch013[013],13,3,protocol_second_repeat,6,2,0.6,15842.3,2.628,1,protocol_second_repeat,11,2,3.0,3085.2,2.447,2,2.624,0.476,OK,False,folder cell id != channel number,0.012483964582408557,0.32980510668022306,0.2829268827147005,0.32160800729044764,0.27166580566028187,0.4485779985318521,0.5059346530117055,0.25231558260985554,0.25361907040184994,0.07873966776653346,86.5150016485328,2nd 0.2C discharge / same-cell RPT0
17,17. 4.35V@ 25°C #1,4.35V@ 25°C #1,25.0,4,/content/drive/MyDrive/Battery raw data/RPT Data/17. 4.35V@ 25°C #1/4.csv,M01Ch013[013],13,4,protocol_second_repeat,6,2,0.6,15209.65,2.52,1,protocol_second_repeat,11,2,3.0,2901.2,2.287,2,2.515,0.522,OK,False,folder cell id != channel number,0.01569272174430128,0.3592303201131546,0.30108471734842085,0.3534844256472335,0.3110664600982255,0.4768166215401937,0.5374993392132892,0.28828617935573275,0.24921315985755643,0.07923513062203734,82.92120013188263,2nd 0.2C discharge / same-cell RPT0
17,17. 4.35V@ 25°C #1,4.35V@ 25°C #1,25.0,5,/content/drive/MyDrive/Battery raw data/RPT Data/17. 4.35V@ 25°C #1/5.csv,M01Ch013[013],13,5,protocol_second_repeat,6,2,0.6,14625.15,2.4207,1,protocol_second_repeat,11,2,3.0,2735.45,2.1419,2,2.4166,0.5549817542990145,OK,False,folder cell id != channel number,0.01845676899617071,0.3825542786700446,0.3145732123863724,0.37672055004663096,0.34757230193449623,0.4967179672870176,0.5609936349679052,0.3045113493386772,0.25648228562922804,0.07881062461283937,79.67688757006263,2nd 0.2C discharge / same-cell RPT0
18,18. 4.35V@ 25°C #2,4.35V@ 25°C #2,25.0,0,/content/drive/MyDrive/Battery raw data/RPT Data/18. 4.35V@ 25°C #2/0.csv,M01Ch014[014],14,0,protocol_second_repeat,6,2,0.6,18301.4,3.041,2,protocol_second_repeat,11,2,3.0,3604.0,2.898,2,3.032,0.4129999999999998,OK,False,folder cell id != channel number,0.0074157647475803085,0.29346396167409955,0.2387013312849376,0.28502629472043073,0.24516945372932786,0.4104280363891615,0.465364623431884,0.22900340771956884,0.23636121571231516,0.07623800897601501,100.0,2nd 0.2C discharge / same-cell RPT0
18,18. 4.35V@ 25°C #2,4.35V@ 25°C #2,25.0,1,/content/drive/MyDrive/Battery raw data/RPT Data/18. 4.35V@ 25°C #2/1.csv,M01Ch014[014],14,1,protocol_second_repeat,6,2,0.6,17130.1,2.846,1,protocol_second_repeat,11,2,3.0,3365.35,2.702,2,2.838,0.41800000000000015,OK,False,folder cell id != channel number,0.009016284636639794,0.297512710007145,0.25354619367948733,0.2827271381900887,0.23635474951560803,0.42323344142749547,0.4772995856902953,0.22147009411958019,0.2558294915707151,0.08027455186458038,93.60158311345647,2nd 0.2C discharge / same-cell RPT0
18,18. 4.35V@ 25°C #2,4.35V@ 25°C #2,25.0,2,/content/drive/MyDrive/Battery raw data/RPT Data/18. 4.35V@ 25°C #2/2.csv,M01Ch014[014],14,2,protocol_second_repeat,6,2,0.6,16427.85,2.727,1,protocol_second_repeat,11,2,3.0,3212.2,2.558,2,2.721,0.46399999999999997,OK,False,folder cell id != channel number,0.011373647929565413,0.32382799792293737,0.27865218357686666,0.31256106187736826,0.26372310751383016,0.4460621840631521,0.502207484956009,0.24542641485817285,0.25678107009783613,0.07982331535736878,89.74274406332454,2nd 0.2C discharge / same-cell RPT0
18,18. 4.35V@ 25°C #2,4.35V@ 25°C #2,25.0,3,/content/drive/MyDrive/Battery raw data/RPT Data/18. 4.35V@ 25°C #2/3.csv,M01Ch014[014],14,3,protocol_second_repeat,6,2,0.6,15799.35,2.621,1,protocol_second_repeat,11,2,3.0,3061.45,2.424,2,2.616,0.4929999999999999,OK,False,folder cell id != channel number,0.013357851496790949,0.3412983909094106,0.2912349987454035,0.33294449675528714,0.28600103497392615,0.4605943415987797,0.5188464833954507,0.2660064544735672,0.2528400289218835,0.07921735912562716,86.27968337730871,2nd 0.2C discharge / same-cell RPT0
18,18. 4.35V@ 25°C #2,4.35V@ 25°C #2,25.0,4,/content/drive/MyDrive/Battery raw data/RPT Data/18. 4.35V@ 25°C #2/4.csv,M01Ch014[014],14,4,protocol_second_repeat,6,2,0.6,14710.4,2.435,1,protocol_second_repeat,11,2,3.0,2743.1,2.149,2,2.43,0.5678469955134424,OK,False,folder cell id != channel number,0.019321598951964905,0.3899516690783307,0.31670441196495525,0.3806981892289541,0.35554640542138694,0.512587301230894,0.5770036635912197,0.3061570839614641,0.27084657962975556,0.08292780906199052,80.14511873350924,2nd 0.2C discharge / same-cell RPT0
18,18. 4.35V@ 25°C #2,4.35V@ 25°C #2,25.0,5,/content/drive/MyDrive/Battery raw data/RPT Data/18. 4.35V@ 25°C #2/5.csv,M01Ch014[014],14,5,protocol_second_repeat,6,2,0.6,14194.5,2.3476,1,protocol_second_repeat,11,2,3.0,2612.1,2.0405,2,2.3478,0.5754632503893164,OK,False,folder cell id != channel number,0.020219673383675942,0.3934226829933422,0.31558349436687383,0.38373497238829074,0.36665616767190246,0.5133096718913868,0.5796745857608125,0.3062700782908324,0.27340450746998013,0.08252426070322431,77.43403693931398,2nd 0.2C discharge / same-cell RPT0
19,19. 4.35V@ 25°C #3,4.35V@ 25°C #3,25.0,0,/content/drive/MyDrive/Battery raw data/RPT Data/19. 4.35V@ 25°C #3/0.csv,M01Ch015[015],15,0,protocol_second_repeat,6,2,0.6,18318.4,3.044,2,protocol_second_repeat,11,2,3.0,3607.95,2.904,2,3.035,0.4089999999999998,OK,False,folder cell id != channel number,0.007246143985300056,0.29103249091919314,0.2383098602378589,0.2839546277258471,0.2422053597244511,0.40500302395216964,0.45950112591272285,0.22663770513822223,0.23286342077450062,0.07470448148370191,100.0,2nd 0.2C discharge / same-cell RPT0
19,19. 4.35V@ 25°C #3,4.35V@ 25°C #3,25.0,1,/content/drive/MyDrive/Battery raw data/RPT Data/19. 4.35V@ 25°C #3/1.csv,M01Ch015[015],15,1,protocol_second_repeat,6,2,0.6,17126.5,2.845,1,protocol_second_repeat,11,2,3.0,3364.55,2.699,2,2.837,0.4221164615648285,OK,False,folder cell id != channel number,0.009249380041095483,0.3001130459675514,0.25498033439099943,0.2851599119048864,0.23939651188817526,0.42676863049629077,0.48238293730193904,0.22356124619431084,0.2588216911076282,0.08078147713925862,93.47611202635915,2nd 0.2C discharge / same-cell RPT0
19,19. 4.35V@ 25°C #3,4.35V@ 25°C #3,25.0,2,/content/drive/MyDrive/Battery raw data/RPT Data/19. 4.35V@ 25°C #3/2.csv,M01Ch015[015],15,2,protocol_second_repeat,6,2,0.6,16427.45,2.727,1,protocol_second_repeat,11,2,3.0,3210.8,2.56,2,2.721,0.45500000000000007,OK,False,folder cell id != channel number,0.010991996636464527,0.31735354440998187,0.2720770316289747,0.30495682805483154,0.25723314865015584,0.440881891596325,0.49706079530795666,0.2406779757343367,0.25638281957361997,0.08007771911604783,89.65403624382208,2nd 0.2C discharge / same-cell RPT0
19,19. 4.35V@ 25°C #3,4.35V@ 25°C #3,25.0,3,/content/drive/MyDrive/Battery raw data/RPT Data/19. 4.35V@ 25°C #3/3.csv,M01Ch015[015],15,3,protocol_second_repeat,6,2,0.6,15825.9,2.625,1,protocol_second_repeat,11,2,3.0,3075.15,2.441,2,2.621,0.4750000000000001,OK,False,folder cell id != channel number,0.012436578942674976,0.32935596204305884,0.28206711230365933,0.3209631826181394,0.27153648550859844,0.4484272132839656,0.5051929370528025,0.25264143627719227,0.2525515007756103,0.07874141273877469,86.35914332784184,2nd 0.2C discharge / same-cell RPT0
19,19. 4.35V@ 25°C #3,4.35V@ 25°C #3,25.0,4,/content/drive/MyDrive/Battery raw data/RPT Data/19. 4.35V@ 25°C #3/4.csv,M01Ch015[015],15,4,protocol_second_repeat,6,2,0.6,15057.2,2.494,1,protocol_second_repeat,11,2,3.0,2848.4,2.241,2,2.488,0.5390004685476826,OK,False,folder cell id != channel number,0.016833392547265506,0.36878241202740353,0.30435825750908974,0.36119974367748015,0.3258165879425648,0.48940890797375936,0.5509725004971262,0.29029106007508854,0.26068144042203767,0.08109249823736908,81.97693574958814,2nd 0.2C discharge / same-cell RPT0
19,19. 4.35V@ 25°C #3,4.35V@ 25°C #3,25.0,5,/content/drive/MyDrive/Battery raw data/RPT Data/19. 4.35V@ 25°C #3/5.csv,M01Ch015[015],15,5,protocol_second_repeat,6,2,0.6,14562.1,2.4098,1,protocol_second_repeat,11,2,3.0,2710.15,2.1203,2,2.4036,0.5650214788468537,OK,False,folder cell id != channel number,0.019240115089801432,0.3877153344965014,0.315874462468923,0.38048690768057,0.35591808966209343,0.5040348500231161,0.5699264359916005,0.3060014911304233,0.26392494486117724,0.0803870356452422,79.19604612850083,2nd 0.2C discharge / same-cell RPT0
20,20. 4.35V@ 25°C #4,4.35V@ 25°C #4,25.0,0,/content/drive/MyDrive/Battery raw data/RPT Data/20. 4.35V@ 25°C #4/0.csv,M01Ch016[016],16,0,protocol_second_repeat,6,2,0.6,18277.35,3.037,2,protocol_second_repeat,11,2,3.0,3599.7,2.896,2,3.029,0.4099999999999997,OK,False,folder cell id != channel number,0.007278176745973135,0.2900094009097263,0.23682951572536642,0.2814113680118611,0.24117083269000344,0.40604923611554844,0.4608962371797043,0.22408692129632124,0.23680931588338305,0.0757730424112365,100.0,2nd 0.2C discharge / same-cell RPT0
20,20. 4.35V@ 25°C #4,4.35V@ 25°C #4,25.0,1,/content/drive/MyDrive/Battery raw data/RPT Data/20. 4.35V@ 25°C #4/1.csv,M01Ch016[016],16,1,protocol_second_repeat,6,2,0.6,17093.5,2.84,1,protocol_second_repeat,11,2,3.0,3357.25,2.69,2,2.832,0.4289999999999998,OK,False,folder cell id != channel number,0.009464139391407564,0.30497189134980046,0.2598520875594,0.2909061000557969,0.2443362741128397,0.43060834189605846,0.48568836075207455,0.22872679142017693,0.2569615693318976,0.08048342312375673,93.496203367448,2nd 0.2C discharge / same-cell RPT0
20,20. 4.35V@ 25°C #4,4.35V@ 25°C #4,25.0,2,/content/drive/MyDrive/Battery raw data/RPT Data/20. 4.35V@ 25°C #4/2.csv,M01Ch016[016],16,2,protocol_second_repeat,6,2,0.6,16388.25,2.721,1,protocol_second_repeat,11,2,3.0,3202.9,2.551,2,2.715,0.46102969054934073,OK,False,folder cell id != channel number,0.011237433814691875,0.3218957720883581,0.276216701498154,0.31068959879747465,0.262195138597942,0.444170866162301,0.5008390002686873,0.24499216401553725,0.2558468362531501,0.07971761362564095,89.63354242324199,2nd 0.2C discharge / same-cell RPT0
20,20. 4.35V@ 25°C #4,4.35V@ 25°C #4,25.0,3,/content/drive/MyDrive/Battery raw data/RPT Data/20. 4.35V@ 25°C #4/3.csv,M01Ch016[016],16,3,protocol_second_repeat,6,2,0.6,15780.8,2.618,1,protocol_second_repeat,11,2,3.0,3063.85,2.432,2,2.614,0.4750000000000001,OK,False,folder cell id != channel number,0.012358709862363593,0.3288591173953042,0.2816768980160384,0.3210913232600431,0.2714817325101549,0.44670578828827345,0.5045715241741862,0.2530394857879159,0.25153203838627025,0.07826741930092851,86.29910861670518,2nd 0.2C discharge / same-cell RPT0
20,20. 4.35V@ 25°C #4,4.35V@ 25°C #4,25.0,4,/content/drive/MyDrive/Battery raw data/RPT Data/20. 4.35V@ 25°C #4/4.csv,M01Ch016[016],16,4,protocol_second_repeat,6,2,0.6,14904.0,2.468,1,protocol_second_repeat,11,2,3.0,2804.15,2.201,2,2.462,0.5514931450012592,OK,False,folder cell id != channel number,0.017927885077768296,0.3787745825009092,0.31336329749393094,0.37266838919286743,0.335831980031426,0.49888133990828665,0.5619357052581824,0.3019281011160805,0.2600076041421019,0.08109930029010864,81.28095080884782,2nd 0.2C discharge / same-cell RPT0
20,20. 4.35V@ 25°C #4,4.35V@ 25°C #4,25.0,5,/content/drive/MyDrive/Battery raw data/RPT Data/20. 4.35V@ 25°C #4/5.csv,M01Ch016[016],16,5,protocol_second_repeat,6,2,0.6,14508.65,2.4009,1,protocol_second_repeat,11,2,3.0,2702.6,2.116,2,2.3995,0.5595886904107545,OK,False,folder cell id != channel number,0.01876761592577966,0.38306449759569383,0.3110189907620023,0.37556197326203555,0.3507218924719904,0.5004558841471287,0.5653104611023205,0.30163347501555904,0.2636769860867615,0.08069694881006144,79.2175635523275,2nd 0.2C discharge / same-cell RPT0
21,21. 4.5V@ 25°C #1,4.5V@ 25°C #1,25.0,0,/content/drive/MyDrive/Battery raw data/RPT Data/21. 4.5V@ 25°C #1/0.csv,M02Ch086[086],86,0,protocol_second_repeat,6,2,0.6,17984.9,2.9835,1,protocol_second_repeat,11,2,3.0,3493.65,2.7985,2,2.9835,0.428076301210218,OK,False,folder cell id != channel number,0.006710269022645257,0.2867680014346859,0.232346482049616,0.29194716499401846,0.2579160318897039,0.36883178261843275,0.43647082393734005,0.22011346703993362,0.21635735689740643,0.0627007656373778,100.0,2nd 0.2C discharge / same-cell RPT0
21,21. 4.5V@ 25°C #1,4.5V@ 25°C #1,25.0,1,/content/drive/MyDrive/Battery raw data/RPT Data/21. 4.5V@ 25°C #1/1.csv,M02Ch086[086],86,1,protocol_second_repeat,6,2,0.6,17087.55,2.8333,1,protocol_second_repeat,11,2,3.0,3315.2,2.6405,2,2.8275,0.46933899025630765,OK,False,folder cell id != channel number,0.008905176042657377,0.31972878762567564,0.27819813253659004,0.3135092822396079,0.26748537665841365,0.424644293822886,0.48909241054720587,0.25009712321443756,0.2389952873327683,0.07278817725025417,94.77124183006536,2nd 0.2C discharge / same-cell RPT0
21,21. 4.5V@ 25°C #1,4.5V@ 25°C #1,25.0,2,/content/drive/MyDrive/Battery raw data/RPT Data/21. 4.5V@ 25°C #1/2.csv,M02Ch086[086],86,2,protocol_second_repeat,6,2,0.6,16251.05,2.6897,1,protocol_second_repeat,11,2,3.0,3081.35,2.438,2,2.6848,0.5141324162682608,OK,False,folder cell id != channel number,0.011977538438882395,0.35627950629315425,0.3077072396321177,0.3546925530331364,0.31488442396175387,0.4523916867424814,0.5204718564994746,0.29322867923934015,0.22724317726013443,0.06948842853304542,89.98826881179824,2nd 0.2C discharge / same-cell RPT0
21,21. 4.5V@ 25°C #1,4.5V@ 25°C #1,25.0,3,/content/drive/MyDrive/Battery raw data/RPT Data/21. 4.5V@ 25°C #1/3.csv,M02Ch086[086],86,3,protocol_second_repeat,6,2,0.6,15708.0,2.596,1,protocol_second_repeat,11,2,3.0,2894.4,2.2788,2,2.593,0.5629494595444027,OK,False,folder cell id != channel number,0.01607909941604752,0.39923520521481193,0.3359850887504119,0.39829145573376284,0.37395535507344785,0.4931708102374525,0.5646954401961177,0.32967643358511955,0.23501900661099817,0.06979168393638586,86.91134573487516,2nd 0.2C discharge / same-cell RPT0
21,21. 4.5V@ 25°C #1,4.5V@ 25°C #1,25.0,4,/content/drive/MyDrive/Battery raw data/RPT Data/21. 4.5V@ 25°C #1/4.csv,M02Ch086[086],86,4,protocol_second_repeat,6,2,0.6,14345.9,2.3646,1,protocol_second_repeat,11,2,3.0,2528.65,1.9799,2,2.354,0.5953557807654601,OK,False,folder cell id != channel number,0.020593944255953407,0.4245181169957455,0.3442781990984912,0.4191978243718062,0.41932349708777084,0.5197441852885731,0.5953557807654601,0.33750516502088346,0.2578506157445767,0.07275851332345332,78.90062007709068,2nd 0.2C discharge / same-cell RPT0
22,22. 4.5V@ 25°C #2,4.5V@ 25°C #2,25.0,0,/content/drive/MyDrive/Battery raw data/RPT Data/22. 4.5V@ 25°C #2/0.csv,M01Ch018[018],18,0,protocol_second_repeat,6,2,0.6,18355.8,3.051,2,protocol_second_repeat,11,2,3.0,3614.05,2.911,2,3.041,0.3999999999999999,OK,False,folder cell id != channel number,0.006960384778682114,0.2865015391059968,0.23122360767373365,0.28016347721833657,0.23908740796554587,0.400903944015794,0.45302779250029523,0.2205683571497732,0.23245943535052205,0.07455312253321644,100.0,2nd 0.2C discharge / same-cell RPT0
22,22. 4.5V@ 25°C #2,4.5V@ 25°C #2,25.0,1,/content/drive/MyDrive/Battery raw data/RPT Data/22. 4.5V@ 25°C #2/1.csv,M01Ch018[018],18,1,protocol_second_repeat,6,2,0.6,17072.1,2.835,1,protocol_second_repeat,11,2,3.0,3348.35,2.68,2,2.828,0.43999999999999995,OK,False,folder cell id != channel number,0.009653629655736419,0.3039503198772651,0.255471956364493,0.290429929950028,0.2424505130414204,0.43345480329282127,0.49024478847325437,0.22608644032858072,0.26415834814467365,0.08329688005306038,92.99572509043078,2nd 0.2C discharge / same-cell RPT0
22,22. 4.5V@ 25°C #2,4.5V@ 25°C #2,25.0,2,/content/drive/MyDrive/Battery raw data/RPT Data/22. 4.5V@ 25°C #2/2.csv,M01Ch018[018],18,2,protocol_second_repeat,6,2,0.6,16026.9,2.658,1,protocol_second_repeat,11,2,3.0,3082.75,2.442,2,2.651,0.5049999999999999,OK,False,folder cell id != channel number,0.013154024171351149,0.34254503898645744,0.2854654845633157,0.3324960973515024,0.29116201687672777,0.46685652129223804,0.5274484757506066,0.2722376841794809,0.2552107915711257,0.0822763851789007,87.17527129233804,2nd 0.2C discharge / same-cell RPT0
22,22. 4.5V@ 25°C #2,4.5V@ 25°C #2,25.0,3,/content/drive/MyDrive/Battery raw data/RPT Data/22. 4.5V@ 25°C #2/3.csv,M01Ch018[018],18,3,protocol_second_repeat,6,2,0.6,15600.6,2.585,1,protocol_second_repeat,11,2,3.0,2986.75,2.358,2,2.582,0.5166929851061552,OK,False,folder cell id != channel number,0.013977614554792194,0.3490329327034914,0.28876822113727346,0.3403666069935563,0.30312446791647246,0.4695060807984478,0.5304698873967646,0.28263955322627665,0.24783033417048794,0.0807030351280417,84.90628082867477,2nd 0.2C discharge / same-cell RPT0
22,22. 4.5V@ 25°C #2,4.5V@ 25°C #2,25.0,4,/content/drive/MyDrive/Battery raw data/RPT Data/22. 4.5V@ 25°C #2/4.csv,M01Ch018[018],18,4,protocol_second_repeat,6,2,0.6,14570.95,2.41,1,protocol_second_repeat,11,2,3.0,2707.5,2.12,2,2.401,0.5519221440724311,OK,False,folder cell id != channel number,0.01721786846890103,0.37615829040660287,0.3035014495899889,0.3710413674093821,0.3482976820418419,0.48701041965666303,0.5561506513961907,0.2966418446259179,0.25950880677027277,0.07852834748524407,78.9542913515291,2nd 0.2C discharge / same-cell RPT0
23,23. 4.5V@ 25°C #3,4.5V@ 25°C #3,25.0,0,/content/drive/MyDrive/Battery raw data/RPT Data/23. 4.5V@ 25°C #3/0.csv,M02Ch090[090],90,0,protocol_second_repeat,6,2,0.6,18357.55,3.0506,1,protocol_second_repeat,11,2,3.0,3621.9,2.9119,2,3.0458,0.4093897301510534,OK,False,folder cell id != channel number,0.007079505841170218,0.2861273486750054,0.2362680582820683,0.277752813655741,0.2372925377475764,0.39844473514387646,0.4548575258695302,0.22293417289814665,0.23192335297138356,0.07401378258906563,100.0,2nd 0.2C discharge / same-cell RPT0
23,23. 4.5V@ 25°C #3,4.5V@ 25°C #3,25.0,1,/content/drive/MyDrive/Battery raw data/RPT Data/23. 4.5V@ 25°C #3/1.csv,M02Ch090[090],90,1,protocol_second_repeat,6,2,0.6,17152.8,2.8486,1,protocol_second_repeat,11,2,3.0,3360.1,2.6874,2,2.8416,0.4458329546532762,OK,False,folder cell id != channel number,0.009604693980710299,0.3127710698300722,0.2745154187788671,0.29993886946442844,0.2517514785201945,0.43032348218856475,0.487896548253381,0.23641810162611154,0.2514784466272695,0.07717213970765191,93.29568586249918,2nd 0.2C discharge / same-cell RPT0
23,23. 4.5V@ 25°C #3,4.5V@ 25°C #3,25.0,2,/content/drive/MyDrive/Battery raw data/RPT Data/23. 4.5V@ 25°C #3/2.csv,M02Ch090[090],90,2,protocol_second_repeat,6,2,0.6,16137.4,2.676,1,protocol_second_repeat,11,2,3.0,3087.4,2.4484,2,2.6698,0.5156085444381269,OK,False,folder cell id != channel number,0.01370138044146268,0.35765204012071766,0.3085660274225975,0.3472911725204464,0.30633422228901147,0.4738254623123169,0.5349542274826904,0.28978344795136723,0.24517077953132316,0.07753350449024281,87.6551316567076,2nd 0.2C discharge / same-cell RPT0
23,23. 4.5V@ 25°C #3,4.5V@ 25°C #3,25.0,3,/content/drive/MyDrive/Battery raw data/RPT Data/23. 4.5V@ 25°C #3/3.csv,M02Ch090[090],90,3,protocol_second_repeat,6,2,0.6,14434.3,2.3883,1,protocol_second_repeat,11,2,3.0,2678.6,2.0982,2,2.3739,0.5525992780762068,OK,False,folder cell id != channel number,0.017339920087826668,0.38086455699575406,0.3179011329351869,0.3755247184873945,0.34964437325700387,0.4852974276374602,0.5556566901026752,0.30977223246037855,0.2458844576422966,0.07447149026391839,77.94011425569637,2nd 0.2C discharge / same-cell RPT0
24,24. 4.5V@ 25°C #4,4.5V@ 25°C #4,25.0,0,/content/drive/MyDrive/Battery raw data/RPT Data/24. 4.5V@ 25°C #4/0.csv,M01Ch020[020],20,0,protocol_second_repeat,6,2,0.6,18400.7,3.057,2,protocol_second_repeat,11,2,3.0,3617.85,2.908,2,3.047,0.41593784957583235,OK,False,folder cell id != channel number,0.007281215864274137,0.2923743714488322,0.23578873624773908,0.286092580211017,0.2461339842805155,0.40685905334594585,0.46364942104642815,0.22189557690865191,0.24175384413777623,0.07547153217895462,100.0,2nd 0.2C discharge / same-cell RPT0
24,24. 4.5V@ 25°C #4,4.5V@ 25°C #4,25.0,1,/content/drive/MyDrive/Battery raw data/RPT Data/24. 4.5V@ 25°C #4/1.csv,M01Ch020[020],20,1,protocol_second_repeat,6,2,0.6,17020.8,2.826,1,protocol_second_repeat,11,2,3.0,3330.9,2.66,2,2.818,0.45299999999999985,OK,False,folder cell id != channel number,0.010146656956658095,0.3112058664387105,0.26366045519693204,0.29876338785578477,0.2513210105807435,0.4369167184232289,0.49537960338329157,0.23505276774147577,0.2603268356418158,0.081968704891193,92.48441089596324,2nd 0.2C discharge / same-cell RPT0
24,24. 4.5V@ 25°C #4,4.5V@ 25°C #4,25.0,2,/content/drive/MyDrive/Battery raw data/RPT Data/24. 4.5V@ 25°C #4/2.csv,M01Ch020[020],20,2,protocol_second_repeat,6,2,0.6,15979.25,2.648,1,protocol_second_repeat,11,2,3.0,3047.55,2.412,2,2.644,0.521020258366296,OK,False,folder cell id != channel number,0.014141757366029566,0.3536458863837306,0.2948996091620499,0.34425295376626386,0.30602059743869076,0.4750811984494089,0.5392540002374151,0.2882231832823805,0.2510308169550346,0.0813269514693747,86.77387594355103,2nd 0.2C discharge / same-cell RPT0
24,24. 4.5V@ 25°C #4,4.5V@ 25°C #4,25.0,3,/content/drive/MyDrive/Battery raw data/RPT Data/24. 4.5V@ 25°C #4/3.csv,M01Ch020[020],20,3,protocol_second_repeat,6,2,0.6,14835.45,2.454,1,protocol_second_repeat,11,2,3.0,2764.75,2.167,2,2.446,0.5549999999999997,OK,False,folder cell id != channel number,0.017433574891838787,0.3783755754773978,0.30880437585100756,0.3726267462960329,0.346970534907033,0.49036503795965664,0.5594906413703877,0.301973466422614,0.2575171749477737,0.0787131531894509,80.27568099770266,2nd 0.2C discharge / same-cell RPT0
