cell_global_id,cell_folder,aging_condition,aging_temperature_C,rpt_id_from_filename,source_file,channel,channel_num,rpt_id,delta_t_0p2c_3p8_4p0_s,delta_t_1c_3p8_4p0_s,charge_time_ratio_1c_over_0p2c,cccv_rate_used,cc_charge_time_s,cv_charge_time_s,cc_charge_time_0p2c_s,cv_charge_time_0p2c_s,cc_charge_time_1c_s,cv_charge_time_1c_s,q02_selection,q02_step,q02_repeat,q02_current_A,q02_complete_candidates,q1_selection,q1_step,q1_repeat,q1_current_A,q1_complete_candidates,t_0p2c_cross_3p8_s,t_0p2c_cross_4p0_s,t_1c_cross_3p8_s,t_1c_cross_4p0_s,cv_entry_time_0p2c_s,cv_entry_voltage_0p2c_V,cv_entry_current_0p2c_A,cutoff_current_0p2c_A,cv_entry_time_1c_s,cv_entry_voltage_1c_V,cv_entry_current_1c_A,cutoff_current_1c_A,status,cell_channel_match,qc_warning
1,1. LOW C@ 25°C #1,LOW C@ 25°C #1,25.0,0,/content/drive/MyDrive/Battery raw data/RPT Data/1. LOW C@ 25°C #1/0.csv,M01Ch001[001],1,0,4140.0,793.3333333333335,0.1916264090177134,1C,3140.0,443.0500000000002,18060.0,159.79999999999927,3140.0,443.0500000000002,protocol_second_repeat,6,2,0.6,2,protocol_second_repeat,11,2,3.0,2,9660.0,13800.0,1630.0,2423.3333333333335,18060.0,4.2,0.557,0.3,3140.0,4.2,2.887,1.5,OK,True,
1,1. LOW C@ 25°C #1,LOW C@ 25°C #1,25.0,1,/content/drive/MyDrive/Battery raw data/RPT Data/1. LOW C@ 25°C #1/1.csv,M01Ch001[001],1,1,4050.0,786.6666666666672,0.19423868312757214,1C,2870.0,455.0500000000002,16770.0,186.04999999999927,2870.0,455.0500000000002,protocol_second_repeat,6,2,0.6,1,protocol_second_repeat,11,2,3.0,2,8460.0,12510.0,1383.3333333333328,2170.0,16770.0,4.2,0.569,0.3,2870.0,4.2,2.904,1.5,OK,True,
1,1. LOW C@ 25°C #1,LOW C@ 25°C #1,25.0,2,/content/drive/MyDrive/Battery raw data/RPT Data/1. LOW C@ 25°C #1/2.csv,M01Ch001[001],1,2,4020.0,770.0,0.19154228855721392,1C,2720.0,458.1500000000001,16080.0,220.64999999999964,2720.0,458.1500000000001,protocol_second_repeat,6,2,0.6,1,protocol_second_repeat,11,2,3.0,2,7820.0,11840.0,1256.6666666666656,2026.6666666666656,16080.0,4.2,0.561,0.3,2720.0,4.2,2.876,1.5,OK,True,
1,1. LOW C@ 25°C #1,LOW C@ 25°C #1,25.0,3,/content/drive/MyDrive/Battery raw data/RPT Data/1. LOW C@ 25°C #1/3.csv,M01Ch001[001],1,3,4000.0,764.9999999999989,0.19124999999999973,1C,2650.0,460.6500000000001,15750.0,244.85000000000036,2650.0,460.6500000000001,protocol_second_repeat,6,2,0.6,1,protocol_second_repeat,11,2,3.0,2,7530.0,11530.0,1200.0,1964.9999999999989,15750.0,4.2,0.58,0.3,2650.0,4.2,2.89,1.5,OK,True,
1,1. LOW C@ 25°C #1,LOW C@ 25°C #1,25.0,4,/content/drive/MyDrive/Battery raw data/RPT Data/1. LOW C@ 25°C #1/4.csv,M01Ch001[001],1,4,4000.0,754.9999999999989,0.18874999999999972,1C,2570.0,475.6999999999998,15470.0,255.54999999999927,2570.0,475.6999999999998,protocol_second_repeat,6,2,0.6,1,protocol_second_repeat,11,2,3.0,2,7270.0,11270.0,1140.0,1894.9999999999989,15470.0,4.2,0.563,0.3,2570.0,4.2,2.909,1.5,OK,True,
1,1. LOW C@ 25°C #1,LOW C@ 25°C #1,25.0,5,/content/drive/MyDrive/Battery raw data/RPT Data/1. LOW C@ 25°C #1/5.csv,M01Ch001[001],1,5,3990.0,743.3333333333344,0.1862990810359234,1C,2510.0,482.9499999999998,15240.0,287.14999999999964,2510.0,482.9499999999998,protocol_second_repeat,6,2,0.6,1,protocol_second_repeat,11,2,3.0,2,7080.0,11070.0,1096.6666666666656,1840.0,15240.0,4.2,0.581,0.3,2510.0,4.2,2.91,1.5,OK,True,
1,1. LOW C@ 25°C #1,LOW C@ 25°C #1,25.0,6,/content/drive/MyDrive/Battery raw data/RPT Data/1. LOW C@ 25°C #1/6.csv,M01Ch001[001],1,6,3970.9523809523826,723.1666666666661,0.18211416236958847,1C,2370.0,487.0500000000002,14700.0,331.10000000000036,2370.0,487.0500000000002,protocol_second_repeat,6,2,0.6,1,protocol_second_repeat,11,2,3.0,2,6603.333333333333,10574.285714285716,985.9999999999991,1709.1666666666652,14700.0,4.2,0.5676,0.3,2370.0,4.2,2.8955,1.4999,OK,True,
1,1. LOW C@ 25°C #1,LOW C@ 25°C #1,25.0,7,/content/drive/MyDrive/Battery raw data/RPT Data/1. LOW C@ 25°C #1/7.csv,M01Ch001[001],1,7,3957.142857142858,702.9333333333351,0.17763658243080668,1C,2240.0,490.5,14230.0,379.9500000000007,2240.0,490.5,protocol_second_repeat,6,2,0.6,1,protocol_second_repeat,11,2,3.0,2,6192.857142857142,10150.0,886.6666666666657,1589.6000000000008,14230.0,4.2,0.5775,0.3,2240.0,4.1999,2.9154,1.4999,OK,True,
2,2. LOW C@ 25°C #2,LOW C@ 25°C #2,25.0,0,/content/drive/MyDrive/Battery raw data/RPT Data/2. LOW C@ 25°C #2/0.csv,M01Ch002[002],2,0,4180.0,808.3333333333335,0.19338118022328551,1C,3180.0,438.0999999999999,18200.0,162.40000000000146,3180.0,438.0999999999999,protocol_second_repeat,6,2,0.6,2,protocol_second_repeat,11,2,3.0,2,9730.0,13910.0,1646.6666666666656,2454.999999999999,18200.0,4.2,0.561,0.3,3180.0,4.2,2.912,1.5,OK,True,
2,2. LOW C@ 25°C #2,LOW C@ 25°C #2,25.0,1,/content/drive/MyDrive/Battery raw data/RPT Data/2. LOW C@ 25°C #2/1.csv,M01Ch002[002],2,1,4070.0,798.3333333333335,0.1961506961506962,1C,2910.0,450.5,16930.0,190.65000000000146,2910.0,450.5,protocol_second_repeat,6,2,0.6,1,protocol_second_repeat,11,2,3.0,2,8560.0,12630.0,1406.6666666666656,2204.999999999999,16930.0,4.2,0.566,0.3,2910.0,4.2,2.901,1.5,OK,True,
2,2. LOW C@ 25°C #2,LOW C@ 25°C #2,25.0,2,/content/drive/MyDrive/Battery raw data/RPT Data/2. LOW C@ 25°C #2/2.csv,M01Ch002[002],2,2,4050.0,780.0,0.1925925925925926,1C,2740.0,466.9499999999998,16210.0,235.04999999999927,2740.0,466.9499999999998,protocol_second_repeat,6,2,0.6,1,protocol_second_repeat,11,2,3.0,2,7900.0,11950.0,1270.0,2050.0,16210.0,4.2,0.576,0.3,2740.0,4.2,2.901,1.5,OK,True,
2,2. LOW C@ 25°C #2,LOW C@ 25°C #2,25.0,3,/content/drive/MyDrive/Battery raw data/RPT Data/2. LOW C@ 25°C #2/3.csv,M01Ch002[002],2,3,4030.0,764.9999999999989,0.18982630272952825,1C,2660.0,476.5999999999999,15870.0,258.10000000000036,2660.0,476.5999999999999,protocol_second_repeat,6,2,0.6,1,protocol_second_repeat,11,2,3.0,2,7600.0,11630.0,1210.0,1974.9999999999989,15870.0,4.2,0.585,0.3,2660.0,4.2,2.906,1.5,OK,True,
2,2. LOW C@ 25°C #2,LOW C@ 25°C #2,25.0,4,/content/drive/MyDrive/Battery raw data/RPT Data/2. LOW C@ 25°C #2/4.csv,M01Ch002[002],2,4,4010.0,756.6666666666672,0.18869492934330853,1C,2590.0,476.4000000000001,15560.0,275.5,2590.0,476.4000000000001,protocol_second_repeat,6,2,0.6,1,protocol_second_repeat,11,2,3.0,2,7330.0,11340.0,1153.3333333333328,1910.0,15560.0,4.2,0.568,0.3,2590.0,4.2,2.895,1.5,OK,True,
2,2. LOW C@ 25°C #2,LOW C@ 25°C #2,25.0,5,/content/drive/MyDrive/Battery raw data/RPT Data/2. LOW C@ 25°C #2/5.csv,M01Ch002[002],2,5,4010.0,746.6666666666672,0.1862011637572736,1C,2530.0,477.3499999999999,15310.0,308.5,2530.0,477.3499999999999,protocol_second_repeat,6,2,0.6,1,protocol_second_repeat,11,2,3.0,2,7120.0,11130.0,1103.3333333333328,1850.0,15310.0,4.2,0.581,0.3,2530.0,4.2,2.884,1.5,OK,True,
2,2. LOW C@ 25°C #2,LOW C@ 25°C #2,25.0,6,/content/drive/MyDrive/Battery raw data/RPT Data/2. LOW C@ 25°C #2/6.csv,M01Ch002[002],2,6,3996.190476190476,726.8000000000002,0.18187321258341282,1C,2390.0,494.0500000000002,14810.0,354.89999999999964,2390.0,494.0500000000002,protocol_second_repeat,6,2,0.6,1,protocol_second_repeat,11,2,3.0,2,6686.666666666667,10682.857142857143,1000.0,1726.8000000000002,14810.0,4.2004,0.5746,0.3,2390.0,4.2001,2.9352,1.5,OK,True,
2,2. LOW C@ 25°C #2,LOW C@ 25°C #2,25.0,7,/content/drive/MyDrive/Battery raw data/RPT Data/2. LOW C@ 25°C #2/7.csv,M01Ch002[002],2,7,3989.642857142856,705.555555555556,0.17684679577079557,1C,2250.0,498.1999999999998,14330.0,402.0,2250.0,498.1999999999998,protocol_second_repeat,6,2,0.6,1,protocol_second_repeat,11,2,3.0,2,6252.857142857142,10242.499999999998,888.5185185185186,1594.0740740740746,14330.0,4.2003,0.5717,0.3,2250.0,4.2002,2.9311,1.4999,OK,True,
3,3. LOW C@ 25°C #3,LOW C@ 25°C #3,25.0,0,/content/drive/MyDrive/Battery raw data/RPT Data/3. LOW C@ 25°C #3/0.csv,M01Ch003[003],3,0,4170.0,810.0,0.19424460431654678,1C,3180.0,430.1999999999998,18170.0,160.20000000000073,3180.0,430.1999999999998,protocol_second_repeat,6,2,0.6,2,protocol_second_repeat,11,2,3.0,2,9750.0,13920.0,1640.0,2450.0,18170.0,4.2,0.575,0.3,3180.0,4.2,2.914,1.5,OK,True,
3,3. LOW C@ 25°C #3,LOW C@ 25°C #3,25.0,1,/content/drive/MyDrive/Battery raw data/RPT Data/3. LOW C@ 25°C #3/1.csv,M01Ch003[003],3,1,4050.0,794.9999999999991,0.19629629629629608,1C,2920.0,431.5500000000002,16890.0,184.45000000000073,2920.0,431.5500000000002,protocol_second_repeat,6,2,0.6,1,protocol_second_repeat,11,2,3.0,2,8570.0,12620.0,1410.0,2204.999999999999,16890.0,4.2,0.571,0.3,2920.0,4.2,2.878,1.5,OK,True,
3,3. LOW C@ 25°C #3,LOW C@ 25°C #3,25.0,2,/content/drive/MyDrive/Battery raw data/RPT Data/3. LOW C@ 25°C #3/2.csv,M01Ch003[003],3,2,4030.0,776.6666666666672,0.1927212572373864,1C,2740.0,470.4000000000001,16220.0,215.25,2740.0,470.4000000000001,protocol_second_repeat,6,2,0.6,1,protocol_second_repeat,11,2,3.0,2,7940.0,11970.0,1273.3333333333328,2050.0,16220.0,4.2,0.557,0.3,2740.0,4.2,2.924,1.5,OK,True,
3,3. LOW C@ 25°C #3,LOW C@ 25°C #3,25.0,3,/content/drive/MyDrive/Battery raw data/RPT Data/3. LOW C@ 25°C #3/3.csv,M01Ch003[003],3,3,4010.0,770.0,0.19201995012468828,1C,2680.0,468.25,15900.0,236.85000000000036,2680.0,468.25,protocol_second_repeat,6,2,0.6,1,protocol_second_repeat,11,2,3.0,2,7650.0,11660.0,1216.6666666666656,1986.6666666666656,15900.0,4.2,0.573,0.3,2680.0,4.2,2.897,1.5,OK,True,
3,3. LOW C@ 25°C #3,LOW C@ 25°C #3,25.0,4,/content/drive/MyDrive/Battery raw data/RPT Data/3. LOW C@ 25°C #3/4.csv,M01Ch003[003],3,4,4000.0,763.3333333333344,0.1908333333333336,1C,2600.0,485.6500000000001,15610.0,259.5,2600.0,485.6500000000001,protocol_second_repeat,6,2,0.6,1,protocol_second_repeat,11,2,3.0,2,7390.0,11390.0,1156.6666666666656,1920.0,15610.0,4.2,0.581,0.3,2600.0,4.2,2.925,1.5,OK,True,
3,3. LOW C@ 25°C #3,LOW C@ 25°C #3,25.0,5,/content/drive/MyDrive/Battery raw data/RPT Data/3. LOW C@ 25°C #3/5.csv,M01Ch003[003],3,5,4000.0,753.3333333333344,0.1883333333333336,1C,2550.0,485.6999999999998,15410.0,277.89999999999964,2550.0,485.6999999999998,protocol_second_repeat,6,2,0.6,1,protocol_second_repeat,11,2,3.0,2,7210.0,11210.0,1116.6666666666656,1870.0,15410.0,4.2,0.573,0.3,2550.0,4.2,2.92,1.5,OK,True,
3,3. LOW C@ 25°C #3,LOW C@ 25°C #3,25.0,6,/content/drive/MyDrive/Battery raw data/RPT Data/3. LOW C@ 25°C #3/6.csv,M01Ch003[003],3,6,3980.0000000000064,738.372413793104,0.18552070698319165,1C,2440.0,505.9499999999998,15010.0,319.4500000000007,2440.0,505.9499999999998,protocol_second_repeat,6,2,0.6,1,protocol_second_repeat,11,2,3.0,2,6871.666666666663,10851.66666666667,1034.8275862068963,1773.2000000000003,15010.0,4.2003,0.5858,0.3,2440.0,4.2002,2.9379,1.5,OK,True,
3,3. LOW C@ 25°C #3,LOW C@ 25°C #3,25.0,7,/content/drive/MyDrive/Battery raw data/RPT Data/3. LOW C@ 25°C #3/7.csv,M01Ch003[003],3,7,3975.5,728.1964573268936,0.18317103693293763,1C,2360.0,506.6999999999998,14700.0,347.5499999999993,2360.0,506.6999999999998,protocol_second_repeat,6,2,0.6,1,protocol_second_repeat,11,2,3.0,2,6591.999999999996,10567.499999999996,969.6296296296289,1697.8260869565224,14700.0,4.2004,0.5838,0.3,2360.0,4.2002,2.9298,1.5,OK,True,
4,4. LOW C@ 25°C #4,LOW C@ 25°C #4,25.0,0,/content/drive/MyDrive/Battery raw data/RPT Data/4. LOW C@ 25°C #4/0.csv,M01Ch004[004],4,0,4150.0,810.0,0.19518072289156627,1C,3180.0,426.9000000000001,18140.0,155.95000000000073,3180.0,426.9000000000001,protocol_second_repeat,6,2,0.6,2,protocol_second_repeat,11,2,3.0,2,9710.0,13860.0,1640.0,2450.0,18140.0,4.2,0.552,0.3,3180.0,4.2,2.937,1.5,OK,True,
4,4. LOW C@ 25°C #4,LOW C@ 25°C #4,25.0,1,/content/drive/MyDrive/Battery raw data/RPT Data/4. LOW C@ 25°C #4/1.csv,M01Ch004[004],4,1,4050.0,790.0,0.19506172839506172,1C,2900.0,445.1500000000001,16830.0,179.84999999999854,2900.0,445.1500000000001,protocol_second_repeat,6,2,0.6,1,protocol_second_repeat,11,2,3.0,2,8500.0,12550.0,1400.0,2190.0,16830.0,4.2,0.572,0.3,2900.0,4.2,2.918,1.5,OK,True,
4,4. LOW C@ 25°C #4,LOW C@ 25°C #4,25.0,2,/content/drive/MyDrive/Battery raw data/RPT Data/4. LOW C@ 25°C #4/2.csv,M01Ch004[004],4,2,4010.0,776.6666666666672,0.19368246051537835,1C,2740.0,466.1999999999998,16160.0,209.89999999999964,2740.0,466.1999999999998,protocol_second_repeat,6,2,0.6,1,protocol_second_repeat,11,2,3.0,2,7880.0,11890.0,1263.3333333333328,2040.0,16160.0,4.2,0.568,0.3,2740.0,4.2,2.88,1.5,OK,True,
4,4. LOW C@ 25°C #4,LOW C@ 25°C #4,25.0,3,/content/drive/MyDrive/Battery raw data/RPT Data/4. LOW C@ 25°C #4/3.csv,M01Ch004[004],4,3,4000.0,771.6666666666661,0.19291666666666651,1C,2680.0,467.1999999999998,15860.0,218.79999999999927,2680.0,467.1999999999998,protocol_second_repeat,6,2,0.6,1,protocol_second_repeat,11,2,3.0,2,7600.0,11600.0,1213.3333333333328,1984.9999999999989,15860.0,4.2,0.554,0.3,2680.0,4.2,2.908,1.5,OK,True,
4,4. LOW C@ 25°C #4,LOW C@ 25°C #4,25.0,4,/content/drive/MyDrive/Battery raw data/RPT Data/4. LOW C@ 25°C #4/4.csv,M01Ch004[004],4,4,3990.0,763.3333333333333,0.19131161236424393,1C,2610.0,477.1500000000001,15580.0,235.0,2610.0,477.1500000000001,protocol_second_repeat,6,2,0.6,1,protocol_second_repeat,11,2,3.0,2,7350.0,11340.0,1160.0,1923.3333333333333,15580.0,4.2,0.556,0.3,2610.0,4.2,2.923,1.5,OK,True,
4,4. LOW C@ 25°C #4,LOW C@ 25°C #4,25.0,5,/content/drive/MyDrive/Battery raw data/RPT Data/4. LOW C@ 25°C #4/5.csv,M01Ch004[004],4,5,3990.0,753.3333333333344,0.1888053467000838,1C,2550.0,487.5,15380.0,261.35000000000036,2550.0,487.5,protocol_second_repeat,6,2,0.6,1,protocol_second_repeat,11,2,3.0,2,7170.0,11160.0,1116.6666666666656,1870.0,15380.0,4.2,0.573,0.3,2550.0,4.2,2.916,1.5,OK,True,
4,4. LOW C@ 25°C #4,LOW C@ 25°C #4,25.0,6,/content/drive/MyDrive/Battery raw data/RPT Data/4. LOW C@ 25°C #4/6.csv,M01Ch004[004],4,6,3972.499999999998,739.2857142857135,0.18610087206688833,1C,2470.0,487.9000000000001,15020.0,286.5,2470.0,487.9000000000001,protocol_second_repeat,6,2,0.6,1,protocol_second_repeat,11,2,3.0,2,6860.0,10832.499999999998,1048.214285714285,1787.4999999999986,15020.0,4.2002,0.5641,0.3,2470.0,4.2001,2.8956,1.5,OK,True,
4,4. LOW C@ 25°C #4,LOW C@ 25°C #4,25.0,7,/content/drive/MyDrive/Battery raw data/RPT Data/4. LOW C@ 25°C #4/7.csv,M01Ch004[004],4,7,3965.7500000000073,732.0689655172424,0.18459786056035835,1C,2400.0,501.8499999999999,14790.0,308.7000000000007,2400.0,501.8499999999999,protocol_second_repeat,6,2,0.6,1,protocol_second_repeat,11,2,3.0,2,6657.999999999996,10623.750000000004,997.9310344827576,1730.0,14790.0,4.2001,0.5695,0.3,2400.0,4.2002,2.885,1.5,OK,True,
5,5. LOW C@ 25°C #5,LOW C@ 25°C #5,25.0,0,/content/drive/MyDrive/Battery raw data/RPT Data/5. LOW C@ 25°C #5/0.csv,M01Ch005[005],5,0,4180.0,811.6666666666663,0.19417862838915462,1C,3190.0,423.8000000000002,18190.0,164.29999999999927,3190.0,423.8000000000002,protocol_second_repeat,6,2,0.6,2,protocol_second_repeat,11,2,3.0,2,9750.0,13930.0,1643.3333333333328,2454.999999999999,18190.0,4.2,0.572,0.3,3190.0,4.2,2.877,1.5,OK,True,
5,5. LOW C@ 25°C #5,LOW C@ 25°C #5,25.0,1,/content/drive/MyDrive/Battery raw data/RPT Data/5. LOW C@ 25°C #5/1.csv,M01Ch005[005],5,1,4070.0,790.0,0.1941031941031941,1C,2880.0,454.8000000000002,16840.0,189.79999999999927,2880.0,454.8000000000002,protocol_second_repeat,6,2,0.6,2,protocol_second_repeat,11,2,3.0,2,8490.0,12560.0,1390.0,2180.0,16840.0,4.2,0.569,0.3,2880.0,4.2,2.921,1.5,OK,True,
5,5. LOW C@ 25°C #5,LOW C@ 25°C #5,25.0,2,/content/drive/MyDrive/Battery raw data/RPT Data/5. LOW C@ 25°C #5/2.csv,M01Ch005[005],5,2,4050.0,771.6666666666661,0.19053497942386816,1C,2710.0,481.4000000000001,16160.0,218.85000000000036,2710.0,481.4000000000001,protocol_second_repeat,6,2,0.6,1,protocol_second_repeat,11,2,3.0,2,7840.0,11890.0,1253.3333333333328,2024.9999999999989,16160.0,4.2,0.574,0.3,2710.0,4.2,2.905,1.5,OK,True,
5,5. LOW C@ 25°C #5,LOW C@ 25°C #5,25.0,3,/content/drive/MyDrive/Battery raw data/RPT Data/5. LOW C@ 25°C #5/3.csv,M01Ch005[005],5,3,4020.0,764.9999999999989,0.19029850746268628,1C,2600.0,470.3499999999999,15580.0,247.14999999999964,2600.0,470.3499999999999,protocol_second_repeat,6,2,0.6,1,protocol_second_repeat,11,2,3.0,2,7310.0,11330.0,1150.0,1914.9999999999989,15580.0,4.2,0.577,0.3,2600.0,4.2,2.892,1.5,OK,True,
5,5. LOW C@ 25°C #5,LOW C@ 25°C #5,25.0,4,/content/drive/MyDrive/Battery raw data/RPT Data/5. LOW C@ 25°C #5/4.csv,M01Ch005[005],5,4,4010.0,730.0,0.18204488778054864,1C,2380.0,503.5999999999999,14870.0,302.60000000000036,2380.0,503.5999999999999,protocol_second_repeat,6,2,0.6,1,protocol_second_repeat,11,2,3.0,2,6660.0,10670.0,990.0,1720.0,14870.0,4.2,0.563,0.3,2380.0,4.2,2.931,1.5,OK,True,
5,5. LOW C@ 25°C #5,LOW C@ 25°C #5,25.0,5,/content/drive/MyDrive/Battery raw data/RPT Data/5. LOW C@ 25°C #5/5.csv,M01Ch005[005],5,5,3983.3333333333294,709.1142857142858,0.17802032277346103,1C,2260.0,497.8499999999999,14330.0,357.9500000000007,2260.0,497.8499999999999,protocol_second_repeat,6,2,0.6,1,protocol_second_repeat,11,2,3.0,2,6203.333333333333,10186.666666666662,899.2857142857143,1608.4,14330.0,4.2003,0.5792,0.3,2260.0,4.2001,2.9304,1.4999,OK,True,
6,6. LOW C@ 25°C #6,LOW C@ 25°C #6,25.0,0,/content/drive/MyDrive/Battery raw data/RPT Data/6. LOW C@ 25°C #6/0.csv,M01Ch006[006],6,0,4120.0,803.3333333333335,0.19498381877022658,1C,3160.0,425.5,18040.0,165.75,3160.0,425.5,protocol_second_repeat,6,2,0.6,2,protocol_second_repeat,11,2,3.0,2,9650.0,13770.0,1630.0,2433.3333333333335,18040.0,4.199,0.571,0.3,3160.0,4.199,2.875,1.5,OK,True,
6,6. LOW C@ 25°C #6,LOW C@ 25°C #6,25.0,1,/content/drive/MyDrive/Battery raw data/RPT Data/6. LOW C@ 25°C #6/1.csv,M01Ch006[006],6,1,4050.0,790.0000000000002,0.19506172839506178,1C,2830.0,462.4000000000001,16640.0,187.59999999999854,2830.0,462.4000000000001,protocol_second_repeat,6,2,0.6,1,protocol_second_repeat,11,2,3.0,2,8320.0,12370.0,1354.9999999999989,2144.999999999999,16640.0,4.199,0.553,0.3,2830.0,4.199,2.938,1.5,OK,True,
6,6. LOW C@ 25°C #6,LOW C@ 25°C #6,25.0,2,/content/drive/MyDrive/Battery raw data/RPT Data/6. LOW C@ 25°C #6/2.csv,M01Ch006[006],6,2,4010.0,768.3333333333333,0.19160432252701579,1C,2670.0,479.8000000000002,15980.0,215.60000000000036,2670.0,479.8000000000002,protocol_second_repeat,6,2,0.6,1,protocol_second_repeat,11,2,3.0,2,7710.0,11720.0,1226.6666666666656,1994.9999999999989,15980.0,4.199,0.553,0.3,2670.0,4.199,2.877,1.5,OK,True,
6,6. LOW C@ 25°C #6,LOW C@ 25°C #6,25.0,3,/content/drive/MyDrive/Battery raw data/RPT Data/6. LOW C@ 25°C #6/3.csv,M01Ch006[006],6,3,3990.0,753.3333333333344,0.1888053467000838,1C,2550.0,481.4499999999998,15430.0,249.70000000000073,2550.0,481.4499999999998,protocol_second_repeat,6,2,0.6,1,protocol_second_repeat,11,2,3.0,2,7210.0,11200.0,1126.6666666666656,1880.0,15430.0,4.199,0.569,0.3,2550.0,4.199,2.911,1.5,OK,True,
6,6. LOW C@ 25°C #6,LOW C@ 25°C #6,25.0,4,/content/drive/MyDrive/Battery raw data/RPT Data/6. LOW C@ 25°C #6/4.csv,M01Ch006[006],6,4,3980.0,733.3333333333328,0.184254606365159,1C,2430.0,487.8000000000002,14940.0,282.0499999999993,2430.0,487.8000000000002,protocol_second_repeat,6,2,0.6,1,protocol_second_repeat,11,2,3.0,2,6770.0,10750.0,1033.3333333333328,1766.6666666666656,14940.0,4.199,0.564,0.3,2430.0,4.2,2.875,1.5,OK,True,
6,6. LOW C@ 25°C #6,LOW C@ 25°C #6,25.0,5,/content/drive/MyDrive/Battery raw data/RPT Data/6. LOW C@ 25°C #6/5.csv,M01Ch006[006],6,5,3966.249999999999,723.3333333333343,0.18237209790944456,1C,2350.0,489.9000000000001,14610.0,317.0,2350.0,489.9000000000001,protocol_second_repeat,6,2,0.6,1,protocol_second_repeat,11,2,3.0,2,6491.249999999997,10457.499999999996,971.6666666666657,1695.0,14610.0,4.1995,0.5726,0.3,2350.0,4.1995,2.8885,1.5,OK,True,
6,6. LOW C@ 25°C #6,LOW C@ 25°C #6,25.0,6,/content/drive/MyDrive/Battery raw data/RPT Data/6. LOW C@ 25°C #6/6.csv,M01Ch006[006],6,6,3953.499999999998,701.4854111405829,0.17743402330607896,1C,2230.0,502.1500000000001,14260.0,355.39999999999964,2230.0,502.1500000000001,protocol_second_repeat,6,2,0.6,1,protocol_second_repeat,11,2,3.0,2,6193.999999999998,10147.499999999996,886.2068965517236,1587.6923076923065,14260.0,4.1996,0.5829,0.2999,2230.0,4.1994,2.928,1.5,OK,True,
7,7. LOW C@ 25°C #7,LOW C@ 25°C #7,25.0,0,/content/drive/MyDrive/Battery raw data/RPT Data/7. LOW C@ 25°C #7/0.csv,M01Ch007[007],7,0,4160.0,806.6666666666656,0.19391025641025617,1C,3180.0,432.4000000000001,18180.0,163.40000000000146,3180.0,432.4000000000001,protocol_second_repeat,6,2,0.6,2,protocol_second_repeat,11,2,3.0,2,9740.0,13900.0,1640.0,2446.6666666666656,18180.0,4.2,0.549,0.3,3180.0,4.2,2.877,1.5,OK,True,
7,7. LOW C@ 25°C #7,LOW C@ 25°C #7,25.0,1,/content/drive/MyDrive/Battery raw data/RPT Data/7. LOW C@ 25°C #7/1.csv,M01Ch007[007],7,1,4070.0,791.6666666666663,0.19451269451269443,1C,2870.0,456.1500000000001,16790.0,197.25,2870.0,456.1500000000001,protocol_second_repeat,6,2,0.6,2,protocol_second_repeat,11,2,3.0,2,8440.0,12510.0,1383.3333333333328,2174.999999999999,16790.0,4.2,0.577,0.3,2870.0,4.2,2.877,1.5,OK,True,
7,7. LOW C@ 25°C #7,LOW C@ 25°C #7,25.0,2,/content/drive/MyDrive/Battery raw data/RPT Data/7. LOW C@ 25°C #7/2.csv,M01Ch007[007],7,2,4040.0,770.0,0.1905940594059406,1C,2690.0,479.5999999999999,16070.0,233.64999999999964,2690.0,479.5999999999999,protocol_second_repeat,6,2,0.6,1,protocol_second_repeat,11,2,3.0,2,7780.0,11820.0,1240.0,2010.0,16070.0,4.2,0.574,0.3,2690.0,4.2,2.876,1.5,OK,True,
7,7. LOW C@ 25°C #7,LOW C@ 25°C #7,25.0,3,/content/drive/MyDrive/Battery raw data/RPT Data/7. LOW C@ 25°C #7/3.csv,M01Ch007[007],7,3,4020.0,750.0,0.1865671641791045,1C,2540.0,492.6500000000001,15460.0,271.75,2540.0,492.6500000000001,protocol_second_repeat,6,2,0.6,1,protocol_second_repeat,11,2,3.0,2,7220.0,11240.0,1120.0,1870.0,15460.0,4.2,0.577,0.3,2540.0,4.2,2.886,1.5,OK,True,
7,7. LOW C@ 25°C #7,LOW C@ 25°C #7,25.0,4,/content/drive/MyDrive/Battery raw data/RPT Data/7. LOW C@ 25°C #7/4.csv,M01Ch007[007],7,4,4010.0,740.0,0.18453865336658354,1C,2470.0,492.6500000000001,15150.0,296.0,2470.0,492.6500000000001,protocol_second_repeat,6,2,0.6,1,protocol_second_repeat,11,2,3.0,2,6950.0,10960.0,1064.9999999999989,1804.9999999999989,15150.0,4.2,0.581,0.3,2470.0,4.2,2.867,1.5,OK,True,
7,7. LOW C@ 25°C #7,LOW C@ 25°C #7,25.0,5,/content/drive/MyDrive/Battery raw data/RPT Data/7. LOW C@ 25°C #7/5.csv,M01Ch007[007],7,5,4000.0,711.6666666666661,0.17791666666666653,1C,2340.0,504.3000000000002,14720.0,331.0,2340.0,504.3000000000002,protocol_second_repeat,6,2,0.6,1,protocol_second_repeat,11,2,3.0,2,6560.0,10560.0,973.3333333333328,1684.9999999999989,14720.0,4.2,0.567,0.3,2340.0,4.2,2.893,1.5,OK,True,
8,8. LOW C@ 25°C #8,LOW C@ 25°C #8,25.0,0,/content/drive/MyDrive/Battery raw data/RPT Data/8. LOW C@ 25°C #8/0.csv,M01Ch008[008],8,0,4140.0,796.6666666666672,0.19243156199677952,1C,3130.0,452.6500000000001,18050.0,159.84999999999854,3130.0,452.6500000000001,protocol_second_repeat,6,2,0.6,2,protocol_second_repeat,11,2,3.0,2,9660.0,13800.0,1623.3333333333328,2420.0,18050.0,4.2,0.544,0.3,3130.0,4.2,2.905,1.5,OK,True,
8,8. LOW C@ 25°C #8,LOW C@ 25°C #8,25.0,1,/content/drive/MyDrive/Battery raw data/RPT Data/8. LOW C@ 25°C #8/1.csv,M01Ch008[008],8,1,4040.0,790.0,0.19554455445544555,1C,2830.0,453.9000000000001,16590.0,189.90000000000146,2830.0,453.9000000000001,protocol_second_repeat,6,2,0.6,1,protocol_second_repeat,11,2,3.0,2,8310.0,12350.0,1350.0,2140.0,16590.0,4.2,0.563,0.3,2830.0,4.2,2.891,1.5,OK,True,
8,8. LOW C@ 25°C #8,LOW C@ 25°C #8,25.0,2,/content/drive/MyDrive/Battery raw data/RPT Data/8. LOW C@ 25°C #8/2.csv,M01Ch008[008],8,2,4030.0,770.0,0.19106699751861042,1C,2660.0,477.75,15920.0,216.54999999999927,2660.0,477.75,protocol_second_repeat,6,2,0.6,1,protocol_second_repeat,11,2,3.0,2,7670.0,11700.0,1220.0,1990.0,15920.0,4.2,0.558,0.3,2660.0,4.2,2.905,1.5,OK,True,
8,8. LOW C@ 25°C #8,LOW C@ 25°C #8,25.0,3,/content/drive/MyDrive/Battery raw data/RPT Data/8. LOW C@ 25°C #8/3.csv,M01Ch008[008],8,3,4010.0,758.3333333333333,0.18911055694098086,1C,2540.0,481.8000000000002,15370.0,246.5,2540.0,481.8000000000002,protocol_second_repeat,6,2,0.6,1,protocol_second_repeat,11,2,3.0,2,7170.0,11180.0,1116.6666666666656,1874.9999999999989,15370.0,4.2,0.566,0.3,2540.0,4.2,2.928,1.5,OK,True,
8,8. LOW C@ 25°C #8,LOW C@ 25°C #8,25.0,4,/content/drive/MyDrive/Battery raw data/RPT Data/8. LOW C@ 25°C #8/4.csv,M01Ch008[008],8,4,3990.0,736.6666666666672,0.18462823725981634,1C,2380.0,489.8499999999999,14760.0,293.35000000000036,2380.0,489.8499999999999,protocol_second_repeat,6,2,0.6,1,protocol_second_repeat,11,2,3.0,2,6620.0,10610.0,993.3333333333328,1730.0,14760.0,4.2,0.57,0.3,2380.0,4.2,2.93,1.5,OK,True,
8,8. LOW C@ 25°C #8,LOW C@ 25°C #8,25.0,5,/content/drive/MyDrive/Battery raw data/RPT Data/8. LOW C@ 25°C #8/5.csv,M01Ch008[008],8,5,3975.833333333331,717.0833333333346,0.18036051142318216,1C,2280.0,481.8000000000002,14340.0,334.39999999999964,2280.0,481.8000000000002,protocol_second_repeat,6,2,0.6,1,protocol_second_repeat,11,2,3.0,2,6256.666666666667,10232.499999999998,913.3333333333328,1630.4166666666674,14340.0,4.2002,0.5802,0.3,2280.0,4.2003,2.8555,1.4999,OK,True,
9,9. HIGH C@ 25°C #1,HIGH C@ 25°C #1,25.0,0,/content/drive/MyDrive/Battery raw data/RPT Data/9. HIGH C@ 25°C #1/0.csv,M01Ch009[009],9,0,4140.0,805.0000000000011,0.19444444444444473,1C,3150.0,446.5999999999999,18120.0,157.29999999999927,3150.0,446.5999999999999,protocol_second_repeat,6,2,0.6,2,protocol_second_repeat,11,2,3.0,2,9710.0,13850.0,1624.9999999999989,2430.0,18120.0,4.199,0.552,0.3,3150.0,4.199,2.921,1.5,OK,True,
9,9. HIGH C@ 25°C #1,HIGH C@ 25°C #1,25.0,1,/content/drive/MyDrive/Battery raw data/RPT Data/9. HIGH C@ 25°C #1/1.csv,M01Ch009[009],9,1,4050.0,786.6666666666656,0.19423868312757175,1C,2850.0,469.8000000000002,16770.0,177.34999999999854,2850.0,469.8000000000002,protocol_second_repeat,6,2,0.6,1,protocol_second_repeat,11,2,3.0,2,8450.0,12500.0,1380.0,2166.6666666666656,16770.0,4.199,0.562,0.3,2850.0,4.199,2.879,1.5,OK,True,
9,9. HIGH C@ 25°C #1,HIGH C@ 25°C #1,25.0,2,/content/drive/MyDrive/Battery raw data/RPT Data/9. HIGH C@ 25°C #1/2.csv,M01Ch009[009],9,2,4020.0,764.9999999999989,0.19029850746268628,1C,2660.0,497.8000000000002,15970.0,195.29999999999927,2660.0,497.8000000000002,protocol_second_repeat,6,2,0.6,1,protocol_second_repeat,11,2,3.0,2,7690.0,11710.0,1230.0,1994.9999999999989,15970.0,4.198,0.557,0.3,2660.0,4.199,2.917,1.5,OK,True,
9,9. HIGH C@ 25°C #1,HIGH C@ 25°C #1,25.0,3,/content/drive/MyDrive/Battery raw data/RPT Data/9. HIGH C@ 25°C #1/3.csv,M01Ch009[009],9,3,3980.0,743.3333333333333,0.18676716917922948,1C,2510.0,511.25,15340.0,221.75,2510.0,511.25,protocol_second_repeat,6,2,0.6,1,protocol_second_repeat,11,2,3.0,2,7130.0,11110.0,1110.0,1853.3333333333333,15340.0,4.199,0.562,0.3,2510.0,4.199,2.877,1.5,OK,True,
9,9. HIGH C@ 25°C #1,HIGH C@ 25°C #1,25.0,4,/content/drive/MyDrive/Battery raw data/RPT Data/9. HIGH C@ 25°C #1/4.csv,M01Ch009[009],9,4,3945.0,711.083333333333,0.18024926066751154,1C,2340.0,529.6500000000001,14750.0,256.35000000000036,2340.0,529.6500000000001,protocol_second_repeat,6,2,0.6,1,protocol_second_repeat,11,2,3.0,2,6620.0,10565.0,997.6666666666663,1708.7499999999993,14750.0,4.1986,0.5722,0.3,2340.0,4.1986,2.939,1.5,OK,True,
9,9. HIGH C@ 25°C #1,HIGH C@ 25°C #1,25.0,5,/content/drive/MyDrive/Battery raw data/RPT Data/9. HIGH C@ 25°C #1/5.csv,M01Ch009[009],9,5,3889.5,677.8193548387106,0.17426902039817732,1C,2190.0,525.3000000000002,14200.0,285.85000000000036,2190.0,525.3000000000002,protocol_second_repeat,6,2,0.6,1,protocol_second_repeat,11,2,3.0,2,6187.999999999996,10077.499999999996,892.5806451612901,1570.4000000000008,14200.0,4.1985,0.5657,0.3,2190.0,4.1985,2.8647,1.5,OK,True,
10,10. HIGH C@ 25°C #2,HIGH C@ 25°C #2,25.0,0,/content/drive/MyDrive/Battery raw data/RPT Data/10. HIGH C@ 25°C #2/0.csv,M01Ch010[010],10,0,4140.0,796.6666666666656,0.19243156199677913,1C,3140.0,447.25,18080.0,162.70000000000073,3140.0,447.25,protocol_second_repeat,6,2,0.6,2,protocol_second_repeat,11,2,3.0,2,9670.0,13810.0,1630.0,2426.6666666666656,18080.0,4.199,0.562,0.3,3140.0,4.199,2.894,1.5,OK,True,
10,10. HIGH C@ 25°C #2,HIGH C@ 25°C #2,25.0,1,/content/drive/MyDrive/Battery raw data/RPT Data/10. HIGH C@ 25°C #2/1.csv,M01Ch010[010],10,1,4060.0,781.6666666666663,0.1925287356321838,1C,2850.0,474.5999999999999,16820.0,190.25,2850.0,474.5999999999999,protocol_second_repeat,6,2,0.6,1,protocol_second_repeat,11,2,3.0,2,8500.0,12560.0,1393.3333333333328,2174.999999999999,16820.0,4.199,0.567,0.3,2850.0,4.199,2.925,1.5,OK,True,
10,10. HIGH C@ 25°C #2,HIGH C@ 25°C #2,25.0,2,/content/drive/MyDrive/Battery raw data/RPT Data/10. HIGH C@ 25°C #2/2.csv,M01Ch010[010],10,2,4020.0,754.9999999999989,0.18781094527363157,1C,2660.0,488.8000000000002,16010.0,216.04999999999927,2660.0,488.8000000000002,protocol_second_repeat,6,2,0.6,1,protocol_second_repeat,11,2,3.0,2,7740.0,11760.0,1240.0,1994.9999999999989,16010.0,4.199,0.559,0.3,2660.0,4.199,2.881,1.5,OK,True,
10,10. HIGH C@ 25°C #2,HIGH C@ 25°C #2,25.0,3,/content/drive/MyDrive/Battery raw data/RPT Data/10. HIGH C@ 25°C #2/3.csv,M01Ch010[010],10,3,3960.0,718.3333333333344,0.18139730639730667,1C,2440.0,501.8499999999999,15220.0,255.54999999999927,2440.0,501.8499999999999,protocol_second_repeat,6,2,0.6,1,protocol_second_repeat,11,2,3.0,2,7080.0,11040.0,1084.9999999999989,1803.3333333333333,15220.0,4.199,0.556,0.3,2440.0,4.199,2.898,1.5,OK,True,
10,10. HIGH C@ 25°C #2,HIGH C@ 25°C #2,25.0,4,/content/drive/MyDrive/Battery raw data/RPT Data/10. HIGH C@ 25°C #2/4.csv,M01Ch010[010],10,4,3813.571428571435,641.8303571428578,0.1683016482487356,1C,2100.0,497.75,14000.0,325.5499999999993,2100.0,497.75,protocol_second_repeat,6,2,0.6,1,protocol_second_repeat,11,2,3.0,2,6194.999999999996,10008.571428571431,872.8124999999993,1514.642857142857,14000.0,4.1987,0.57,0.3,2100.0,4.1987,2.8482,1.4999,OK,True,
11,11. HIGH C@ 25°C #3,HIGH C@ 25°C #3,25.0,0,/content/drive/MyDrive/Battery raw data/RPT Data/11. HIGH C@ 25°C #3/0.csv,M01Ch011[011],11,0,4150.0,805.0000000000011,0.1939759036144581,1C,3160.0,441.0999999999999,18140.0,157.59999999999854,3160.0,441.0999999999999,protocol_second_repeat,6,2,0.6,2,protocol_second_repeat,11,2,3.0,2,9700.0,13850.0,1634.9999999999989,2440.0,18140.0,4.199,0.547,0.3,3160.0,4.199,2.881,1.5,OK,True,
11,11. HIGH C@ 25°C #3,HIGH C@ 25°C #3,25.0,1,/content/drive/MyDrive/Battery raw data/RPT Data/11. HIGH C@ 25°C #3/1.csv,M01Ch011[011],11,1,4070.0,786.6666666666672,0.1932841932841934,1C,2850.0,472.1500000000001,16790.0,190.5,2850.0,472.1500000000001,protocol_second_repeat,6,2,0.6,1,protocol_second_repeat,11,2,3.0,2,8440.0,12510.0,1383.3333333333328,2170.0,16790.0,4.199,0.572,0.3,2850.0,4.199,2.876,1.5,OK,True,
11,11. HIGH C@ 25°C #3,HIGH C@ 25°C #3,25.0,2,/content/drive/MyDrive/Battery raw data/RPT Data/11. HIGH C@ 25°C #3/2.csv,M01Ch011[011],11,2,4030.0,763.3333333333328,0.18941273779983445,1C,2660.0,491.75,15970.0,217.60000000000036,2660.0,491.75,protocol_second_repeat,6,2,0.6,1,protocol_second_repeat,11,2,3.0,2,7680.0,11710.0,1233.3333333333328,1996.6666666666656,15970.0,4.199,0.572,0.3,2660.0,4.199,2.917,1.5,OK,True,
11,11. HIGH C@ 25°C #3,HIGH C@ 25°C #3,25.0,3,/content/drive/MyDrive/Battery raw data/RPT Data/11. HIGH C@ 25°C #3/3.csv,M01Ch011[011],11,3,4000.0,736.6666666666656,0.1841666666666664,1C,2490.0,497.8499999999999,15270.0,254.5,2490.0,497.8499999999999,protocol_second_repeat,6,2,0.6,1,protocol_second_repeat,11,2,3.0,2,7070.0,11070.0,1100.0,1836.6666666666656,15270.0,4.199,0.577,0.3,2490.0,4.199,2.877,1.5,OK,True,
11,11. HIGH C@ 25°C #3,HIGH C@ 25°C #3,25.0,4,/content/drive/MyDrive/Battery raw data/RPT Data/11. HIGH C@ 25°C #3/4.csv,M01Ch011[011],11,4,3887.1428571428532,663.5607940446663,0.1707065622312631,1C,2160.0,504.9000000000001,14220.0,321.64999999999964,2160.0,504.9000000000001,protocol_second_repeat,6,2,0.6,1,protocol_second_repeat,11,2,3.0,2,6260.0,10147.142857142853,894.5161290322577,1558.076923076924,14220.0,4.1989,0.5804,0.3,2160.0,4.1989,2.8705,1.5,OK,True,
12,12. HIGH C@ 25°C #4,HIGH C@ 25°C #4,25.0,0,/content/drive/MyDrive/Battery raw data/RPT Data/12. HIGH C@ 25°C #4/0.csv,M01Ch012[012],12,0,4140.0,804.9999999999991,0.19444444444444423,1C,3160.0,439.0500000000002,18110.0,162.0,3160.0,439.0500000000002,protocol_second_repeat,6,2,0.6,2,protocol_second_repeat,11,2,3.0,2,9700.0,13840.0,1630.0,2434.999999999999,18110.0,4.199,0.561,0.3,3160.0,4.199,2.9,1.5,OK,True,
12,12. HIGH C@ 25°C #4,HIGH C@ 25°C #4,25.0,1,/content/drive/MyDrive/Battery raw data/RPT Data/12. HIGH C@ 25°C #4/1.csv,M01Ch012[012],12,1,4050.0,786.6666666666672,0.19423868312757214,1C,2840.0,486.75,16780.0,176.0,2840.0,486.75,protocol_second_repeat,6,2,0.6,1,protocol_second_repeat,11,2,3.0,2,8450.0,12500.0,1373.3333333333328,2160.0,16780.0,4.199,0.553,0.3,2840.0,4.199,2.907,1.5,OK,True,
12,12. HIGH C@ 25°C #4,HIGH C@ 25°C #4,25.0,2,/content/drive/MyDrive/Battery raw data/RPT Data/12. HIGH C@ 25°C #4/2.csv,M01Ch012[012],12,2,4020.0,761.6666666666661,0.18946932006633485,1C,2650.0,514.5,15980.0,206.20000000000073,2650.0,514.5,protocol_second_repeat,6,2,0.6,1,protocol_second_repeat,11,2,3.0,2,7700.0,11720.0,1223.3333333333328,1984.9999999999989,15980.0,4.199,0.583,0.3,2650.0,4.199,2.926,1.5,OK,True,
12,12. HIGH C@ 25°C #4,HIGH C@ 25°C #4,25.0,3,/content/drive/MyDrive/Battery raw data/RPT Data/12. HIGH C@ 25°C #4/3.csv,M01Ch012[012],12,3,3990.0,740.0,0.18546365914786966,1C,2510.0,519.1999999999998,15360.0,225.95000000000073,2510.0,519.1999999999998,protocol_second_repeat,6,2,0.6,1,protocol_second_repeat,11,2,3.0,2,7140.0,11130.0,1110.0,1850.0,15360.0,4.199,0.566,0.3,2510.0,4.199,2.885,1.5,OK,True,
12,12. HIGH C@ 25°C #4,HIGH C@ 25°C #4,25.0,4,/content/drive/MyDrive/Battery raw data/RPT Data/12. HIGH C@ 25°C #4/4.csv,M01Ch012[012],12,4,3954.999999999999,717.256371814094,0.18135432915653454,1C,2370.0,527.3499999999999,14800.0,259.2999999999993,2370.0,527.3499999999999,protocol_second_repeat,6,2,0.6,1,protocol_second_repeat,11,2,3.0,2,6651.666666666663,10606.666666666662,1004.4827586206885,1721.7391304347825,14800.0,4.1989,0.5754,0.3,2370.0,4.1989,2.8805,1.5,OK,True,
12,12. HIGH C@ 25°C #4,HIGH C@ 25°C #4,25.0,5,/content/drive/MyDrive/Battery raw data/RPT Data/12. HIGH C@ 25°C #4/5.csv,M01Ch012[012],12,5,3921.7500000000073,698.0833333333336,0.17800301736044682,1C,2260.0,531.0,14390.0,278.10000000000036,2260.0,531.0,protocol_second_repeat,6,2,0.6,1,protocol_second_repeat,11,2,3.0,2,6311.999999999996,10233.750000000004,928.9999999999994,1627.083333333333,14390.0,4.1989,0.5602,0.3,2260.0,4.1989,2.9104,1.5,OK,True,
13,13. 1V@ 25°C #1,1V@ 25°C #1,25.0,0,/content/drive/MyDrive/Battery raw data/RPT Data/13. 1V@ 25°C #1/0.csv,M01Ch021[021],21,0,4140.0,801.6666666666663,0.19363929146537834,1C,3160.0,429.9499999999998,18080.0,154.15000000000146,3160.0,429.9499999999998,protocol_second_repeat,6,2,0.6,2,protocol_second_repeat,11,2,3.0,2,9660.0,13800.0,1633.3333333333328,2434.999999999999,18080.0,4.2,0.541,0.3,3160.0,4.2,2.875,1.5,OK,False,folder cell id != channel number
13,13. 1V@ 25°C #1,1V@ 25°C #1,25.0,1,/content/drive/MyDrive/Battery raw data/RPT Data/13. 1V@ 25°C #1/1.csv,M01Ch021[021],21,1,4060.0,786.6666666666656,0.1937602627257797,1C,2890.0,463.25,16970.0,179.34999999999854,2890.0,463.25,protocol_second_repeat,6,2,0.6,2,protocol_second_repeat,11,2,3.0,2,8620.0,12680.0,1410.0,2196.6666666666656,16970.0,4.2,0.548,0.3,2890.0,4.2,2.919,1.5,OK,False,folder cell id != channel number
13,13. 1V@ 25°C #1,1V@ 25°C #1,25.0,2,/content/drive/MyDrive/Battery raw data/RPT Data/13. 1V@ 25°C #1/2.csv,M01Ch021[021],21,2,4020.0,761.6666666666661,0.18946932006633485,1C,2690.0,473.1500000000001,16070.0,215.45000000000073,2690.0,473.1500000000001,protocol_second_repeat,6,2,0.6,2,protocol_second_repeat,11,2,3.0,2,7780.0,11800.0,1243.3333333333328,2004.9999999999989,16070.0,4.2,0.561,0.3,2690.0,4.2,2.875,1.5,OK,False,folder cell id != channel number
13,13. 1V@ 25°C #1,1V@ 25°C #1,25.0,3,/content/drive/MyDrive/Battery raw data/RPT Data/13. 1V@ 25°C #1/3.csv,M01Ch021[021],21,3,4000.0,723.3333333333328,0.1808333333333332,1C,2420.0,492.25,15050.0,277.0499999999993,2420.0,492.25,protocol_second_repeat,6,2,0.6,2,protocol_second_repeat,11,2,3.0,2,6840.0,10840.0,1033.3333333333328,1756.6666666666656,15050.0,4.2,0.564,0.3,2420.0,4.199,2.88,1.5,OK,False,folder cell id != channel number
13,13. 1V@ 25°C #1,1V@ 25°C #1,25.0,4,/content/drive/MyDrive/Battery raw data/RPT Data/13. 1V@ 25°C #1/4.csv,M01Ch021[021],21,4,3980.0,693.3333333333343,0.17420435510887797,1C,2190.0,496.5999999999999,14190.0,343.75,2190.0,496.5999999999999,protocol_second_repeat,6,2,0.6,2,protocol_second_repeat,11,2,3.0,2,6050.0,10030.0,846.6666666666657,1540.0,14190.0,4.2,0.569,0.3,2190.0,4.2,2.859,1.5,OK,False,folder cell id != channel number
14,14. 1V@ 25°C #2,1V@ 25°C #2,25.0,0,/content/drive/MyDrive/Battery raw data/RPT Data/14. 1V@ 25°C #2/0.csv,M01Ch022[022],22,0,4140.0,810.0,0.1956521739130435,1C,3180.0,433.1999999999998,18180.0,149.95000000000073,3180.0,433.1999999999998,protocol_second_repeat,6,2,0.6,2,protocol_second_repeat,11,2,3.0,2,9750.0,13890.0,1640.0,2450.0,18180.0,4.2,0.544,0.3,3180.0,4.2,2.922,1.5,OK,False,folder cell id != channel number
14,14. 1V@ 25°C #2,1V@ 25°C #2,25.0,1,/content/drive/MyDrive/Battery raw data/RPT Data/14. 1V@ 25°C #2/1.csv,M01Ch022[022],22,1,4050.0,790.0,0.19506172839506172,1C,2890.0,464.6999999999998,16940.0,173.29999999999927,2890.0,464.6999999999998,protocol_second_repeat,6,2,0.6,2,protocol_second_repeat,11,2,3.0,2,8590.0,12640.0,1400.0,2190.0,16940.0,4.2,0.563,0.3,2890.0,4.2,2.914,1.5,OK,False,folder cell id != channel number
14,14. 1V@ 25°C #2,1V@ 25°C #2,25.0,2,/content/drive/MyDrive/Battery raw data/RPT Data/14. 1V@ 25°C #2/2.csv,M01Ch022[022],22,2,4010.0,770.0,0.19201995012468828,1C,2680.0,492.5,16060.0,199.89999999999964,2680.0,492.5,protocol_second_repeat,6,2,0.6,2,protocol_second_repeat,11,2,3.0,2,7750.0,11760.0,1230.0,2000.0,16060.0,4.2,0.571,0.3,2680.0,4.2,2.926,1.5,OK,False,folder cell id != channel number
14,14. 1V@ 25°C #2,1V@ 25°C #2,25.0,3,/content/drive/MyDrive/Battery raw data/RPT Data/14. 1V@ 25°C #2/3.csv,M01Ch022[022],22,3,4000.0,743.3333333333333,0.18583333333333332,1C,2480.0,502.5,15210.0,238.10000000000036,2480.0,502.5,protocol_second_repeat,6,2,0.6,2,protocol_second_repeat,11,2,3.0,2,6950.0,10950.0,1070.0,1813.3333333333333,15210.0,4.2,0.58,0.3,2480.0,4.2,2.935,1.5,OK,False,folder cell id != channel number
14,14. 1V@ 25°C #2,1V@ 25°C #2,25.0,4,/content/drive/MyDrive/Battery raw data/RPT Data/14. 1V@ 25°C #2/4.csv,M01Ch022[022],22,4,3980.0,713.3333333333343,0.17922948073701866,1C,2270.0,526.5,14450.0,282.5,2270.0,526.5,protocol_second_repeat,6,2,0.6,2,protocol_second_repeat,11,2,3.0,2,6240.0,10220.0,906.6666666666657,1620.0,14450.0,4.2,0.572,0.3,2270.0,4.2,2.936,1.5,OK,False,folder cell id != channel number
15,15. 1V@ 25°C #3,1V@ 25°C #3,25.0,0,/content/drive/MyDrive/Battery raw data/RPT Data/15. 1V@ 25°C #3/0.csv,M01Ch023[023],23,0,4170.0,810.0,0.19424460431654678,1C,3180.0,434.3499999999999,18210.0,160.04999999999927,3180.0,434.3499999999999,protocol_second_repeat,6,2,0.6,2,protocol_second_repeat,11,2,3.0,2,9750.0,13920.0,1640.0,2450.0,18210.0,4.2,0.547,0.3,3180.0,4.2,2.916,1.5,OK,False,folder cell id != channel number
15,15. 1V@ 25°C #3,1V@ 25°C #3,25.0,1,/content/drive/MyDrive/Battery raw data/RPT Data/15. 1V@ 25°C #3/1.csv,M01Ch023[023],23,1,4080.0,793.3333333333335,0.19444444444444448,1C,2880.0,474.5500000000002,16970.0,189.54999999999927,2880.0,474.5500000000002,protocol_second_repeat,6,2,0.6,2,protocol_second_repeat,11,2,3.0,2,8580.0,12660.0,1390.0,2183.3333333333335,16970.0,4.2,0.577,0.3,2880.0,4.2,2.887,1.5,OK,False,folder cell id != channel number
15,15. 1V@ 25°C #3,1V@ 25°C #3,25.0,2,/content/drive/MyDrive/Battery raw data/RPT Data/15. 1V@ 25°C #3/2.csv,M01Ch023[023],23,2,4050.0,770.0,0.19012345679012346,1C,2670.0,489.1999999999998,16050.0,214.14999999999964,2670.0,489.1999999999998,protocol_second_repeat,6,2,0.6,2,protocol_second_repeat,11,2,3.0,2,7700.0,11750.0,1220.0,1990.0,16050.0,4.2,0.556,0.3,2670.0,4.2,2.918,1.5,OK,False,folder cell id != channel number
15,15. 1V@ 25°C #3,1V@ 25°C #3,25.0,3,/content/drive/MyDrive/Battery raw data/RPT Data/15. 1V@ 25°C #3/3.csv,M01Ch023[023],23,3,4020.0,728.3333333333331,0.1811774461028192,1C,2410.0,508.25,15070.0,271.14999999999964,2410.0,508.25,protocol_second_repeat,6,2,0.6,2,protocol_second_repeat,11,2,3.0,2,6800.0,10820.0,1016.6666666666657,1744.9999999999989,15070.0,4.2,0.56,0.3,2410.0,4.2,2.883,1.5,OK,False,folder cell id != channel number
15,15. 1V@ 25°C #3,1V@ 25°C #3,25.0,4,/content/drive/MyDrive/Battery raw data/RPT Data/15. 1V@ 25°C #3/4.csv,M01Ch023[023],23,4,4010.0,696.6666666666672,0.17373233582709904,1C,2190.0,514.5999999999999,14290.0,333.9500000000007,2190.0,514.5999999999999,protocol_second_repeat,6,2,0.6,2,protocol_second_repeat,11,2,3.0,2,6080.0,10090.0,843.3333333333328,1540.0,14290.0,4.2,0.568,0.3,2190.0,4.2,2.928,1.5,OK,False,folder cell id != channel number
16,16. 1V@ 25°C #4,1V@ 25°C #4,25.0,0,/content/drive/MyDrive/Battery raw data/RPT Data/16. 1V@ 25°C #4/0.csv,M01Ch024[024],24,0,4170.0,801.6666666666667,0.19224620303756995,1C,3160.0,447.5500000000002,18180.0,168.20000000000073,3160.0,447.5500000000002,protocol_second_repeat,6,2,0.6,2,protocol_second_repeat,11,2,3.0,2,9730.0,13900.0,1634.9999999999989,2436.6666666666656,18180.0,4.2,0.57,0.3,3160.0,4.2,2.878,1.5,OK,False,folder cell id != channel number
16,16. 1V@ 25°C #4,1V@ 25°C #4,25.0,1,/content/drive/MyDrive/Battery raw data/RPT Data/16. 1V@ 25°C #4/1.csv,M01Ch024[024],24,1,4080.0,790.0,0.19362745098039216,1C,2870.0,481.4499999999998,16970.0,188.09999999999854,2870.0,481.4499999999998,protocol_second_repeat,6,2,0.6,2,protocol_second_repeat,11,2,3.0,2,8580.0,12660.0,1390.0,2180.0,16970.0,4.2,0.562,0.3,2870.0,4.2,2.892,1.5,OK,False,folder cell id != channel number
16,16. 1V@ 25°C #4,1V@ 25°C #4,25.0,2,/content/drive/MyDrive/Battery raw data/RPT Data/16. 1V@ 25°C #4/2.csv,M01Ch024[024],24,2,4050.0,761.6666666666661,0.18806584362139903,1C,2640.0,513.6500000000001,16060.0,217.45000000000073,2640.0,513.6500000000001,protocol_second_repeat,6,2,0.6,2,protocol_second_repeat,11,2,3.0,2,7710.0,11760.0,1213.3333333333328,1974.9999999999989,16060.0,4.2,0.555,0.3,2640.0,4.2,2.937,1.5,OK,False,folder cell id != channel number
16,16. 1V@ 25°C #4,1V@ 25°C #4,25.0,3,/content/drive/MyDrive/Battery raw data/RPT Data/16. 1V@ 25°C #4/3.csv,M01Ch024[024],24,3,4030.0,725.0000000000011,0.17990074441687373,1C,2390.0,506.0500000000002,15040.0,283.39999999999964,2390.0,506.0500000000002,protocol_second_repeat,6,2,0.6,2,protocol_second_repeat,11,2,3.0,2,6770.0,10800.0,1004.9999999999989,1730.0,15040.0,4.2,0.565,0.3,2390.0,4.2,2.865,1.5,OK,False,folder cell id != channel number
16,16. 1V@ 25°C #4,1V@ 25°C #4,25.0,4,/content/drive/MyDrive/Battery raw data/RPT Data/16. 1V@ 25°C #4/4.csv,M01Ch024[024],24,4,4010.0,690.0,0.17206982543640897,1C,2160.0,492.8499999999999,14200.0,356.2000000000007,2160.0,492.8499999999999,protocol_second_repeat,6,2,0.6,2,protocol_second_repeat,11,2,3.0,2,6010.0,10020.0,820.0,1510.0,14200.0,4.2,0.577,0.3,2160.0,4.2,2.878,1.5,OK,False,folder cell id != channel number
17,17. 4.35V@ 25°C #1,4.35V@ 25°C #1,25.0,0,/content/drive/MyDrive/Battery raw data/RPT Data/17. 4.35V@ 25°C #1/0.csv,M01Ch013[013],13,0,4140.0,806.6666666666656,0.1948470209339772,1C,3180.0,427.8000000000002,18160.0,149.15000000000146,3180.0,427.8000000000002,protocol_second_repeat,6,2,0.6,2,protocol_second_repeat,11,2,3.0,2,9730.0,13870.0,1640.0,2446.6666666666656,18160.0,4.2,0.54,0.3,3180.0,4.2,2.884,1.5,OK,False,folder cell id != channel number
17,17. 4.35V@ 25°C #1,4.35V@ 25°C #1,25.0,1,/content/drive/MyDrive/Battery raw data/RPT Data/17. 4.35V@ 25°C #1/1.csv,M01Ch013[013],13,1,4030.0,790.0,0.19602977667493796,1C,2920.0,444.0500000000002,16960.0,158.25,2920.0,444.0500000000002,protocol_second_repeat,6,2,0.6,1,protocol_second_repeat,11,2,3.0,2,8600.0,12630.0,1410.0,2200.0,16960.0,4.2,0.549,0.3,2920.0,4.2,2.898,1.5,OK,False,folder cell id != channel number
17,17. 4.35V@ 25°C #1,4.35V@ 25°C #1,25.0,2,/content/drive/MyDrive/Battery raw data/RPT Data/17. 4.35V@ 25°C #1/2.csv,M01Ch013[013],13,2,4000.0,773.3333333333344,0.1933333333333336,1C,2740.0,474.5,16240.0,189.54999999999927,2740.0,474.5,protocol_second_repeat,6,2,0.6,1,protocol_second_repeat,11,2,3.0,2,7930.0,11930.0,1266.6666666666656,2040.0,16240.0,4.2,0.567,0.3,2740.0,4.2,2.905,1.5,OK,False,folder cell id != channel number
17,17. 4.35V@ 25°C #1,4.35V@ 25°C #1,25.0,3,/content/drive/MyDrive/Battery raw data/RPT Data/17. 4.35V@ 25°C #1/3.csv,M01Ch013[013],13,3,3970.0,746.6666666666672,0.18807724601175496,1C,2580.0,505.1999999999998,15620.0,222.29999999999927,2580.0,505.1999999999998,protocol_second_repeat,6,2,0.6,1,protocol_second_repeat,11,2,3.0,2,7370.0,11340.0,1143.3333333333328,1890.0,15620.0,4.2,0.57,0.3,2580.0,4.2,2.881,1.5,OK,False,folder cell id != channel number
17,17. 4.35V@ 25°C #1,4.35V@ 25°C #1,25.0,4,/content/drive/MyDrive/Battery raw data/RPT Data/17. 4.35V@ 25°C #1/4.csv,M01Ch013[013],13,4,3940.0,710.0,0.1802030456852792,1C,2380.0,521.1999999999998,14940.0,269.64999999999964,2380.0,521.1999999999998,protocol_second_repeat,6,2,0.6,1,protocol_second_repeat,11,2,3.0,2,6780.0,10720.0,1010.0,1720.0,14940.0,4.2,0.566,0.3,2380.0,4.2,2.905,1.5,OK,False,folder cell id != channel number
17,17. 4.35V@ 25°C #1,4.35V@ 25°C #1,25.0,5,/content/drive/MyDrive/Battery raw data/RPT Data/17. 4.35V@ 25°C #1/5.csv,M01Ch013[013],13,5,3856.6666666666742,673.1862068965521,0.1745513068876104,1C,2210.0,525.4499999999998,14310.0,315.14999999999964,2210.0,525.4499999999998,protocol_second_repeat,6,2,0.6,1,protocol_second_repeat,11,2,3.0,2,6341.666666666663,10198.333333333338,902.4137931034473,1575.5999999999995,14310.0,4.2002,0.5753,0.3,2210.0,4.2003,2.8931,1.5,OK,False,folder cell id != channel number
18,18. 4.35V@ 25°C #2,4.35V@ 25°C #2,25.0,0,/content/drive/MyDrive/Battery raw data/RPT Data/18. 4.35V@ 25°C #2/0.csv,M01Ch014[014],14,0,4140.0,801.6666666666667,0.19363929146537845,1C,3160.0,444.0,18140.0,161.40000000000146,3160.0,444.0,protocol_second_repeat,6,2,0.6,2,protocol_second_repeat,11,2,3.0,2,9720.0,13860.0,1634.9999999999989,2436.6666666666656,18140.0,4.2,0.574,0.3,3160.0,4.2,2.91,1.5,OK,False,folder cell id != channel number
18,18. 4.35V@ 25°C #2,4.35V@ 25°C #2,25.0,1,/content/drive/MyDrive/Battery raw data/RPT Data/18. 4.35V@ 25°C #2/1.csv,M01Ch014[014],14,1,4030.0,794.9999999999991,0.19727047146401963,1C,2930.0,435.3499999999999,16970.0,160.09999999999854,2930.0,435.3499999999999,protocol_second_repeat,6,2,0.6,1,protocol_second_repeat,11,2,3.0,2,8610.0,12640.0,1410.0,2204.999999999999,16970.0,4.2,0.549,0.3,2930.0,4.2,2.887,1.5,OK,False,folder cell id != channel number
18,18. 4.35V@ 25°C #2,4.35V@ 25°C #2,25.0,2,/content/drive/MyDrive/Battery raw data/RPT Data/18. 4.35V@ 25°C #2/2.csv,M01Ch014[014],14,2,4000.0,770.0,0.1925,1C,2720.0,492.1999999999998,16240.0,187.84999999999854,2720.0,492.1999999999998,protocol_second_repeat,6,2,0.6,1,protocol_second_repeat,11,2,3.0,2,7920.0,11920.0,1250.0,2020.0,16240.0,4.2,0.548,0.3,2720.0,4.2,2.89,1.5,OK,False,folder cell id != channel number
18,18. 4.35V@ 25°C #2,4.35V@ 25°C #2,25.0,3,/content/drive/MyDrive/Battery raw data/RPT Data/18. 4.35V@ 25°C #2/3.csv,M01Ch014[014],14,3,3970.0,741.6666666666661,0.18681780016792596,1C,2540.0,521.4499999999998,15570.0,229.35000000000036,2540.0,521.4499999999998,protocol_second_repeat,6,2,0.6,1,protocol_second_repeat,11,2,3.0,2,7320.0,11290.0,1123.3333333333328,1864.9999999999989,15570.0,4.2,0.569,0.3,2540.0,4.2,2.936,1.5,OK,False,folder cell id != channel number
18,18. 4.35V@ 25°C #2,4.35V@ 25°C #2,25.0,4,/content/drive/MyDrive/Battery raw data/RPT Data/18. 4.35V@ 25°C #2/4.csv,M01Ch014[014],14,4,3870.0,670.0,0.1731266149870801,1C,2210.0,533.0999999999999,14410.0,300.39999999999964,2210.0,533.0999999999999,protocol_second_repeat,6,2,0.6,1,protocol_second_repeat,11,2,3.0,2,6390.0,10260.0,910.0,1580.0,14410.0,4.2,0.561,0.3,2210.0,4.2,2.936,1.5,OK,False,folder cell id != channel number
18,18. 4.35V@ 25°C #2,4.35V@ 25°C #2,25.0,5,/content/drive/MyDrive/Battery raw data/RPT Data/18. 4.35V@ 25°C #2/5.csv,M01Ch014[014],14,5,3786.2500000000027,644.8518518518525,0.1703141239621927,1C,2090.0,522.0999999999999,13860.0,334.5,2090.0,522.0999999999999,protocol_second_repeat,6,2,0.6,1,protocol_second_repeat,11,2,3.0,2,6023.749999999997,9810.0,836.9999999999997,1481.8518518518522,13860.0,4.2003,0.5688,0.3,2090.0,4.2003,2.9273,1.4999,OK,False,folder cell id != channel number
19,19. 4.35V@ 25°C #3,4.35V@ 25°C #3,25.0,0,/content/drive/MyDrive/Battery raw data/RPT Data/19. 4.35V@ 25°C #3/0.csv,M01Ch015[015],15,0,4140.0,804.9999999999991,0.19444444444444423,1C,3170.0,437.9499999999998,18160.0,158.40000000000146,3170.0,437.9499999999998,protocol_second_repeat,6,2,0.6,2,protocol_second_repeat,11,2,3.0,2,9740.0,13880.0,1640.0,2444.999999999999,18160.0,4.2,0.564,0.3,3170.0,4.2,2.932,1.5,OK,False,folder cell id != channel number
19,19. 4.35V@ 25°C #3,4.35V@ 25°C #3,25.0,1,/content/drive/MyDrive/Battery raw data/RPT Data/19. 4.35V@ 25°C #3/1.csv,M01Ch015[015],15,1,4030.0,790.0,0.19602977667493796,1C,2920.0,444.5500000000002,16960.0,166.5,2920.0,444.5500000000002,protocol_second_repeat,6,2,0.6,1,protocol_second_repeat,11,2,3.0,2,8600.0,12630.0,1410.0,2200.0,16960.0,4.2,0.575,0.3,2920.0,4.2,2.896,1.5,OK,False,folder cell id != channel number
19,19. 4.35V@ 25°C #3,4.35V@ 25°C #3,25.0,2,/content/drive/MyDrive/Battery raw data/RPT Data/19. 4.35V@ 25°C #3/2.csv,M01Ch015[015],15,2,4000.0,770.0,0.1925,1C,2730.0,480.8000000000002,16240.0,187.45000000000073,2730.0,480.8000000000002,protocol_second_repeat,6,2,0.6,1,protocol_second_repeat,11,2,3.0,2,7920.0,11920.0,1260.0,2030.0,16240.0,4.2,0.551,0.3,2730.0,4.2,2.903,1.5,OK,False,folder cell id != channel number
19,19. 4.35V@ 25°C #3,4.35V@ 25°C #3,25.0,3,/content/drive/MyDrive/Battery raw data/RPT Data/19. 4.35V@ 25°C #3/3.csv,M01Ch015[015],15,3,3980.0,750.0,0.1884422110552764,1C,2570.0,505.1500000000001,15600.0,225.89999999999964,2570.0,505.1500000000001,protocol_second_repeat,6,2,0.6,1,protocol_second_repeat,11,2,3.0,2,7340.0,11320.0,1140.0,1890.0,15600.0,4.2,0.576,0.3,2570.0,4.2,2.937,1.5,OK,False,folder cell id != channel number
19,19. 4.35V@ 25°C #3,4.35V@ 25°C #3,25.0,4,/content/drive/MyDrive/Battery raw data/RPT Data/19. 4.35V@ 25°C #3/4.csv,M01Ch015[015],15,4,3920.0,696.6666666666656,0.17772108843537388,1C,2330.0,518.4000000000001,14770.0,287.2000000000007,2330.0,518.4000000000001,protocol_second_repeat,6,2,0.6,1,protocol_second_repeat,11,2,3.0,2,6660.0,10580.0,980.0,1676.6666666666656,14770.0,4.2,0.583,0.3,2330.0,4.2,2.874,1.5,OK,False,folder cell id != channel number
19,19. 4.35V@ 25°C #3,4.35V@ 25°C #3,25.0,5,/content/drive/MyDrive/Battery raw data/RPT Data/19. 4.35V@ 25°C #3/5.csv,M01Ch015[015],15,5,3848.9285714285706,665.8781362007179,0.1730035057401884,1C,2180.0,530.1500000000001,14240.0,322.10000000000036,2180.0,530.1500000000001,protocol_second_repeat,6,2,0.6,1,protocol_second_repeat,11,2,3.0,2,6288.571428571426,10137.499999999996,889.677419354838,1555.5555555555559,14240.0,4.2001,0.5773,0.3,2180.0,4.2,2.9286,1.5,OK,False,folder cell id != channel number
20,20. 4.35V@ 25°C #4,4.35V@ 25°C #4,25.0,0,/content/drive/MyDrive/Battery raw data/RPT Data/20. 4.35V@ 25°C #4/0.csv,M01Ch016[016],16,0,4130.0,803.3333333333328,0.19451170298627912,1C,3160.0,439.6999999999998,18120.0,157.34999999999854,3160.0,439.6999999999998,protocol_second_repeat,6,2,0.6,2,protocol_second_repeat,11,2,3.0,2,9700.0,13830.0,1633.3333333333328,2436.6666666666656,18120.0,4.2,0.552,0.3,3160.0,4.2,2.92,1.5,OK,False,folder cell id != channel number
20,20. 4.35V@ 25°C #4,4.35V@ 25°C #4,25.0,1,/content/drive/MyDrive/Battery raw data/RPT Data/20. 4.35V@ 25°C #4/1.csv,M01Ch016[016],16,1,4030.0,788.3333333333335,0.19561621174524405,1C,2900.0,457.25,16930.0,163.5,2900.0,457.25,protocol_second_repeat,6,2,0.6,1,protocol_second_repeat,11,2,3.0,2,8570.0,12600.0,1396.6666666666656,2184.999999999999,16930.0,4.2,0.552,0.3,2900.0,4.2,2.907,1.5,OK,False,folder cell id != channel number
20,20. 4.35V@ 25°C #4,4.35V@ 25°C #4,25.0,2,/content/drive/MyDrive/Battery raw data/RPT Data/20. 4.35V@ 25°C #4/2.csv,M01Ch016[016],16,2,4000.0,764.9999999999989,0.19124999999999973,1C,2710.0,492.9000000000001,16190.0,198.25,2710.0,492.9000000000001,protocol_second_repeat,6,2,0.6,1,protocol_second_repeat,11,2,3.0,2,7880.0,11880.0,1250.0,2014.9999999999989,16190.0,4.2,0.576,0.3,2710.0,4.2,2.916,1.5,OK,False,folder cell id != channel number
20,20. 4.35V@ 25°C #4,4.35V@ 25°C #4,25.0,3,/content/drive/MyDrive/Battery raw data/RPT Data/20. 4.35V@ 25°C #4/3.csv,M01Ch016[016],16,3,3970.0,746.6666666666672,0.18807724601175496,1C,2570.0,493.8499999999999,15550.0,230.79999999999927,2570.0,493.8499999999999,protocol_second_repeat,6,2,0.6,1,protocol_second_repeat,11,2,3.0,2,7310.0,11280.0,1133.3333333333328,1880.0,15550.0,4.2,0.578,0.3,2570.0,4.2,2.881,1.5,OK,False,folder cell id != channel number
20,20. 4.35V@ 25°C #4,4.35V@ 25°C #4,25.0,4,/content/drive/MyDrive/Battery raw data/RPT Data/20. 4.35V@ 25°C #4/4.csv,M01Ch016[016],16,4,3910.0,696.6666666666672,0.17817561807331642,1C,2280.0,524.1500000000001,14610.0,294.0,2280.0,524.1500000000001,protocol_second_repeat,6,2,0.6,1,protocol_second_repeat,11,2,3.0,2,6530.0,10440.0,943.3333333333328,1640.0,14610.0,4.2,0.571,0.3,2280.0,4.2,2.864,1.5,OK,False,folder cell id != channel number
20,20. 4.35V@ 25°C #4,4.35V@ 25°C #4,25.0,5,/content/drive/MyDrive/Battery raw data/RPT Data/20. 4.35V@ 25°C #4/5.csv,M01Ch016[016],16,5,3845.2380952380963,666.5012406947895,0.17333159200731363,1C,2180.0,522.5999999999999,14190.0,318.64999999999964,2180.0,522.5999999999999,protocol_second_repeat,6,2,0.6,1,protocol_second_repeat,11,2,3.0,2,6241.428571428568,10086.666666666664,885.8064516129028,1552.3076923076924,14190.0,4.2,0.5687,0.3,2180.0,4.2001,2.8946,1.4999,OK,False,folder cell id != channel number
21,21. 4.5V@ 25°C #1,4.5V@ 25°C #1,25.0,0,/content/drive/MyDrive/Battery raw data/RPT Data/21. 4.5V@ 25°C #1/0.csv,M02Ch086[086],86,0,4177.000000000004,779.4181818181817,0.18659760158443403,1C,3050.0,443.6500000000001,17720.0,264.90000000000146,3050.0,443.6500000000001,protocol_second_repeat,6,2,0.6,1,protocol_second_repeat,11,2,3.0,2,9375.0,13552.000000000004,1572.3999999999999,2351.8181818181815,17720.0,4.2006,0.5777,0.3,3050.0,4.2007,2.892,1.5,OK,False,folder cell id != channel number
21,21. 4.5V@ 25°C #1,4.5V@ 25°C #1,25.0,1,/content/drive/MyDrive/Battery raw data/RPT Data/21. 4.5V@ 25°C #1/1.csv,M02Ch086[086],86,1,4047.1428571428532,778.506493506495,0.19235952892853758,1C,2820.0,495.1999999999998,16820.0,267.5499999999993,2820.0,495.1999999999998,protocol_second_repeat,6,2,0.6,2,protocol_second_repeat,11,2,3.0,2,8480.0,12527.142857142853,1357.8571428571415,2136.3636363636365,16820.0,4.2007,0.5624,0.3,2820.0,4.2008,2.9376,1.4999,OK,False,folder cell id != channel number
21,21. 4.5V@ 25°C #1,4.5V@ 25°C #1,25.0,2,/content/drive/MyDrive/Battery raw data/RPT Data/21. 4.5V@ 25°C #1/2.csv,M02Ch086[086],86,2,4020.0000000000036,739.2857142857144,0.1839019189765457,1C,2580.0,501.3499999999999,15900.0,351.0499999999993,2580.0,501.3499999999999,protocol_second_repeat,6,2,0.6,1,protocol_second_repeat,11,2,3.0,2,7674.999999999996,11695.0,1170.7142857142856,1910.0,15900.0,4.2007,0.5714,0.3,2580.0,4.2008,2.8939,1.5,OK,False,folder cell id != channel number
21,21. 4.5V@ 25°C #1,4.5V@ 25°C #1,25.0,3,/content/drive/MyDrive/Battery raw data/RPT Data/21. 4.5V@ 25°C #1/3.csv,M02Ch086[086],86,3,3977.380952380957,699.1758241758257,0.17578799530311073,1C,2390.0,504.4000000000001,15290.0,418.0,2390.0,504.4000000000001,protocol_second_repeat,6,2,0.6,1,protocol_second_repeat,11,2,3.0,2,7214.285714285713,11191.66666666667,1044.2857142857135,1743.4615384615392,15290.0,4.2007,0.5809,0.3,2390.0,4.2008,2.9344,1.4999,OK,False,folder cell id != channel number
21,21. 4.5V@ 25°C #1,4.5V@ 25°C #1,25.0,4,/content/drive/MyDrive/Battery raw data/RPT Data/21. 4.5V@ 25°C #1/4.csv,M02Ch086[086],86,4,3755.7142857142844,622.6129032258077,0.16577749420238325,1C,2060.0,468.6500000000001,13840.0,505.89999999999964,2060.0,468.6500000000001,protocol_second_repeat,6,2,0.6,1,protocol_second_repeat,11,2,3.0,2,6230.0,9985.714285714284,838.387096774193,1461.0000000000007,13840.0,4.2007,0.5843,0.3,2060.0,4.2007,2.9125,1.5,OK,False,folder cell id != channel number
22,22. 4.5V@ 25°C #2,4.5V@ 25°C #2,25.0,0,/content/drive/MyDrive/Battery raw data/RPT Data/22. 4.5V@ 25°C #2/0.csv,M01Ch018[018],18,0,4180.0,808.3333333333346,0.1933811802232858,1C,3190.0,424.0500000000002,18200.0,155.79999999999927,3190.0,424.0500000000002,protocol_second_repeat,6,2,0.6,2,protocol_second_repeat,11,2,3.0,2,9770.0,13950.0,1654.9999999999989,2463.3333333333335,18200.0,4.2,0.569,0.3,3190.0,4.2,2.909,1.5,OK,False,folder cell id != channel number
22,22. 4.5V@ 25°C #2,4.5V@ 25°C #2,25.0,1,/content/drive/MyDrive/Battery raw data/RPT Data/22. 4.5V@ 25°C #2/1.csv,M01Ch018[018],18,1,4040.0,788.3333333333335,0.19513201320132018,1C,2880.0,468.3499999999999,16890.0,182.09999999999854,2880.0,468.3499999999999,protocol_second_repeat,6,2,0.6,1,protocol_second_repeat,11,2,3.0,2,8500.0,12540.0,1386.6666666666656,2174.999999999999,16890.0,4.2,0.575,0.3,2880.0,4.2,2.915,1.5,OK,False,folder cell id != channel number
22,22. 4.5V@ 25°C #2,4.5V@ 25°C #2,25.0,2,/content/drive/MyDrive/Battery raw data/RPT Data/22. 4.5V@ 25°C #2/2.csv,M01Ch018[018],18,2,3980.0,738.3333333333333,0.1855108877721943,1C,2570.0,512.75,15780.0,246.89999999999964,2570.0,512.75,protocol_second_repeat,6,2,0.6,1,protocol_second_repeat,11,2,3.0,2,7530.0,11510.0,1166.6666666666656,1904.9999999999989,15780.0,4.2,0.566,0.3,2570.0,4.199,2.909,1.5,OK,False,folder cell id != channel number
22,22. 4.5V@ 25°C #2,4.5V@ 25°C #2,25.0,3,/content/drive/MyDrive/Battery raw data/RPT Data/22. 4.5V@ 25°C #2/3.csv,M01Ch018[018],18,3,3930.0,718.3333333333333,0.18278201865988122,1C,2470.0,516.75,15330.0,270.60000000000036,2470.0,516.75,protocol_second_repeat,6,2,0.6,1,protocol_second_repeat,11,2,3.0,2,7200.0,11130.0,1096.6666666666656,1814.9999999999989,15330.0,4.2,0.573,0.3,2470.0,4.2,2.877,1.5,OK,False,folder cell id != channel number
22,22. 4.5V@ 25°C #2,4.5V@ 25°C #2,25.0,4,/content/drive/MyDrive/Battery raw data/RPT Data/22. 4.5V@ 25°C #2/4.csv,M01Ch018[018],18,4,3790.0,653.3333333333343,0.17238346525945494,1C,2200.0,507.5,14230.0,340.9500000000007,2200.0,507.5,protocol_second_repeat,6,2,0.6,1,protocol_second_repeat,11,2,3.0,2,6430.0,10220.0,926.6666666666657,1580.0,14230.0,4.2,0.57,0.3,2200.0,4.2,2.853,1.5,OK,False,folder cell id != channel number
23,23. 4.5V@ 25°C #3,4.5V@ 25°C #3,25.0,0,/content/drive/MyDrive/Battery raw data/RPT Data/23. 4.5V@ 25°C #3/0.csv,M02Ch090[090],90,0,4121.4285714285725,809.0151515151526,0.1962948374560162,1C,3180.0,441.9000000000001,18200.0,157.54999999999927,3180.0,441.9000000000001,protocol_second_repeat,6,2,0.6,1,protocol_second_repeat,11,2,3.0,2,9770.0,13891.428571428572,1644.1666666666658,2453.1818181818185,18200.0,4.2001,0.5425,0.3,3180.0,4.2002,2.8868,1.4999,OK,False,folder cell id != channel number
23,23. 4.5V@ 25°C #3,4.5V@ 25°C #3,25.0,1,/content/drive/MyDrive/Battery raw data/RPT Data/23. 4.5V@ 25°C #3/1.csv,M02Ch090[090],90,1,4008.333333333332,790.3636363636379,0.1971801171801176,1C,2890.0,470.0999999999999,16970.0,182.79999999999927,2890.0,470.0999999999999,protocol_second_repeat,6,2,0.6,2,protocol_second_repeat,11,2,3.0,2,8598.33333333333,12606.666666666662,1385.9999999999986,2176.3636363636365,16970.0,4.2003,0.5523,0.3,2890.0,4.2003,2.8895,1.4998,OK,False,folder cell id != channel number
23,23. 4.5V@ 25°C #3,4.5V@ 25°C #3,25.0,2,/content/drive/MyDrive/Battery raw data/RPT Data/23. 4.5V@ 25°C #3/2.csv,M02Ch090[090],90,2,3941.2500000000027,738.3333333333346,0.18733481340522273,1C,2580.0,507.4000000000001,15890.0,247.39999999999964,2580.0,507.4000000000001,protocol_second_repeat,6,2,0.6,1,protocol_second_repeat,11,2,3.0,2,7678.749999999997,11620.0,1172.1428571428569,1910.4761904761915,15890.0,4.2002,0.5628,0.3,2580.0,4.2003,2.9164,1.5,OK,False,folder cell id != channel number
23,23. 4.5V@ 25°C #3,4.5V@ 25°C #3,25.0,3,/content/drive/MyDrive/Battery raw data/RPT Data/23. 4.5V@ 25°C #3/3.csv,M02Ch090[090],90,3,3706.964285714287,648.2000000000013,0.17486006069656562,1C,2170.0,508.5999999999999,14110.0,324.2999999999993,2170.0,508.5999999999999,protocol_second_repeat,6,2,0.6,1,protocol_second_repeat,11,2,3.0,2,6428.749999999997,10135.714285714284,912.9999999999992,1561.2000000000005,14110.0,4.2002,0.5703,0.3,2170.0,4.2002,2.8994,1.4999,OK,False,folder cell id != channel number
24,24. 4.5V@ 25°C #4,4.5V@ 25°C #4,25.0,0,/content/drive/MyDrive/Battery raw data/RPT Data/24. 4.5V@ 25°C #4/0.csv,M01Ch020[020],20,0,4170.0,803.3333333333335,0.19264588329336535,1C,3170.0,447.8499999999999,18230.0,170.70000000000073,3170.0,447.8499999999999,protocol_second_repeat,6,2,0.6,2,protocol_second_repeat,11,2,3.0,2,9780.0,13950.0,1650.0,2453.3333333333335,18230.0,4.2,0.565,0.3,3170.0,4.2,2.923,1.5,OK,False,folder cell id != channel number
24,24. 4.5V@ 25°C #4,4.5V@ 25°C #4,25.0,1,/content/drive/MyDrive/Battery raw data/RPT Data/24. 4.5V@ 25°C #4/1.csv,M01Ch020[020],20,1,4040.0,784.9999999999991,0.1943069306930691,1C,2850.0,480.9000000000001,16820.0,200.79999999999927,2850.0,480.9000000000001,protocol_second_repeat,6,2,0.6,1,protocol_second_repeat,11,2,3.0,2,8410.0,12450.0,1360.0,2144.999999999999,16820.0,4.2,0.579,0.3,2850.0,4.2,2.884,1.5,OK,False,folder cell id != channel number
24,24. 4.5V@ 25°C #4,4.5V@ 25°C #4,25.0,2,/content/drive/MyDrive/Battery raw data/RPT Data/24. 4.5V@ 25°C #4/2.csv,M01Ch020[020],20,2,3980.0,733.3333333333344,0.1842546063651594,1C,2540.0,507.5500000000002,15700.0,279.25,2540.0,507.5500000000002,protocol_second_repeat,6,2,0.6,1,protocol_second_repeat,11,2,3.0,2,7440.0,11420.0,1136.6666666666656,1870.0,15700.0,4.2,0.58,0.3,2540.0,4.2,2.872,1.5,OK,False,folder cell id != channel number
24,24. 4.5V@ 25°C #4,4.5V@ 25°C #4,25.0,3,/content/drive/MyDrive/Battery raw data/RPT Data/24. 4.5V@ 25°C #4/3.csv,M01Ch020[020],20,3,3830.0,666.6666666666656,0.1740644038294166,1C,2250.0,514.75,14490.0,345.4500000000007,2250.0,514.75,protocol_second_repeat,6,2,0.6,1,protocol_second_repeat,11,2,3.0,2,6570.0,10400.0,950.0,1616.6666666666656,14490.0,4.2,0.576,0.3,2250.0,4.2,2.854,1.5,OK,False,folder cell id != channel number
25,25. 45°C #1,45°C #1,45.0,0,/content/drive/MyDrive/Battery raw data/RPT Data/25. 45°C #1/0.csv,M02Ch073[073],73,0,4130.0,808.3333333333335,0.19572235673930594,1C,3150.0,433.6999999999998,18050.0,143.09999999999854,3150.0,433.6999999999998,protocol_second_repeat,6,2,0.6,2,protocol_second_repeat,11,2,3.0,2,9620.0,13750.0,1616.6666666666656,2424.999999999999,18050.0,4.2,0.541,0.3,3150.0,4.2,2.924,1.5,OK,False,folder cell id != channel number
25,25. 45°C #1,45°C #1,45.0,1,/content/drive/MyDrive/Battery raw data/RPT Data/25. 45°C #1/1.csv,M01Ch033[033],33,1,4040.0,796.6666666666672,0.19719471947194733,1C,2940.0,439.5999999999999,17030.0,158.34999999999854,2940.0,439.5999999999999,protocol_second_repeat,6,2,0.6,2,protocol_second_repeat,11,2,3.0,2,8710.0,12750.0,1433.3333333333328,2230.0,17030.0,4.201,0.55,0.3,2940.0,4.201,2.936,1.5,OK,False,folder cell id != channel number
25,25. 45°C #1,45°C #1,45.0,2,/content/drive/MyDrive/Battery raw data/RPT Data/25. 45°C #1/2.csv,M01Ch033[033],33,2,4020.0,788.3333333333335,0.19610281923714765,1C,2820.0,440.8000000000002,16460.0,191.04999999999927,2820.0,440.8000000000002,protocol_second_repeat,6,2,0.6,1,protocol_second_repeat,11,2,3.0,2,8190.0,12210.0,1326.6666666666656,2114.999999999999,16460.0,4.201,0.576,0.3,2820.0,4.201,2.936,1.5,OK,False,folder cell id != channel number
25,25. 45°C #1,45°C #1,45.0,3,/content/drive/MyDrive/Battery raw data/RPT Data/25. 45°C #1/3.csv,M01Ch033[033],33,3,4000.0,776.6666666666672,0.1941666666666668,1C,2720.0,449.75,16050.0,212.95000000000073,2720.0,449.75,protocol_second_repeat,6,2,0.6,1,protocol_second_repeat,11,2,3.0,2,7820.0,11820.0,1243.3333333333328,2020.0,16050.0,4.201,0.567,0.3,2720.0,4.201,2.926,1.5,OK,False,folder cell id != channel number
25,25. 45°C #1,45°C #1,45.0,4,/content/drive/MyDrive/Battery raw data/RPT Data/25. 45°C #1/4.csv,M01Ch033[033],33,4,3980.0,771.6666666666661,0.19388609715242866,1C,2640.0,449.0999999999999,15660.0,238.5,2640.0,449.0999999999999,protocol_second_repeat,6,2,0.6,1,protocol_second_repeat,11,2,3.0,2,7490.0,11470.0,1173.3333333333328,1944.9999999999989,15660.0,4.201,0.572,0.3,2640.0,4.201,2.907,1.5,OK,False,folder cell id != channel number
25,25. 45°C #1,45°C #1,45.0,5,/content/drive/MyDrive/Battery raw data/RPT Data/25. 45°C #1/5.csv,M01Ch033[033],33,5,3960.0,761.6666666666661,0.1923400673400672,1C,2560.0,459.5999999999999,15350.0,263.4500000000007,2560.0,459.5999999999999,protocol_second_repeat,6,2,0.6,1,protocol_second_repeat,11,2,3.0,2,7230.0,11190.0,1113.3333333333328,1874.9999999999989,15350.0,4.201,0.569,0.3,2560.0,4.201,2.919,1.5,OK,False,folder cell id != channel number
25,25. 45°C #1,45°C #1,45.0,6,/content/drive/MyDrive/Battery raw data/RPT Data/25. 45°C #1/6.csv,M01Ch033[033],33,6,3931.6666666666706,740.6086956521746,0.18837016421844183,1C,2440.0,459.75,14820.0,305.75,2440.0,459.75,protocol_second_repeat,6,2,0.6,1,protocol_second_repeat,11,2,3.0,2,6791.666666666663,10723.333333333334,1021.9999999999997,1762.6086956521742,14820.0,4.2011,0.568,0.3,2440.0,4.201,2.8966,1.4999,OK,False,folder cell id != channel number
25,25. 45°C #1,45°C #1,45.0,7,/content/drive/MyDrive/Battery raw data/RPT Data/25. 45°C #1/7.csv,M02Ch073[073],73,7,3905.6666666666715,717.3913043478249,0.1836796034004841,1C,2320.0,466.4000000000001,14330.0,364.2999999999993,2320.0,466.4000000000001,protocol_second_repeat,6,2,0.6,1,protocol_second_repeat,11,2,3.0001,2,6415.999999999998,10321.66666666667,940.0,1657.3913043478249,14330.0,4.2,0.5696,0.3,2320.0,4.1999,2.9097,1.4999,OK,False,folder cell id != channel number
